ID;Q1;Q2;Q3;Q4;Q5;Q6;Q7;Q8;Q9;Q10;Q11;Q12;Q13;Q14;Q15;Q16;Q17;Q18;Q19;Q20;Q21;Q22;Q23;Q24;Q25;Q26;LazR;Longstr;MD;IRV;LazR_FLAG;Longstr_FLAG;MD_FLAG;IRV_high_FLAG;IRV_low_FLAG
10441016017;5;5;1;1;3;4;4;1;5;5;3;5;5;4;5;5;4;4;4;2;2;5;5;2;2;2;0,388;3;NA;1,474;0;0;NA;1;0
10440981694;3;4;2;2;3;4;3;2;4;3;3;3;3;3;4;3;3;3;4;3;3;3;3;2;2;2;0,493;5;NA;0,662;0;0;NA;0;1
10440601239;1;1;3;2;1;1;1;1;1;1;2;1;2;1;1;5;5;5;5;3;2;3;3;3;3;4;0,493;6;NA;1,468;0;0;NA;1;0
10440562981;4;4;2;1;3;3;3;2;2;3;3;3;4;4;5;5;5;5;5;5;5;5;5;4;4;1;0,569;9;NA;1,294;0;1;NA;0;0
10440358563;3;4;1;1;3;5;5;2;3;5;3;3;3;2;5;5;5;5;5;5;5;5;2;2;3;1;0,454;8;NA;1,476;0;1;NA;1;0
10440199369;4;4;1;1;3;4;4;4;4;4;4;3;3;3;5;4;4;4;4;4;4;4;4;4;4;2;0,647;10;NA;0,945;1;1;NA;0;0
10438952564;3;4;1;2;3;3;2;4;3;2;2;3;4;3;5;3;4;3;2;4;2;2;2;2;2;2;0,444;6;NA;0,951;0;0;NA;0;0
10438951127;4;4;1;1;3;4;3;4;4;4;3;3;4;5;5;3;5;4;3;4;3;3;4;5;5;3;0,382;3;NA;1,061;0;0;NA;0;0
10438633244;2;2;4;4;1;4;2;2;3;2;3;2;3;2;1;2;2;2;3;3;2;3;3;2;3;1;0,410;3;NA;0,857;0;0;NA;0;0
10438605204;5;5;2;1;4;4;4;3;3;4;5;5;5;4;5;5;5;5;5;4;4;4;5;4;4;2;0,479;5;NA;1,093;0;0;NA;0;0
10438555688;4;4;3;3;3;5;3;2;3;4;4;3;3;4;5;3;4;4;4;4;2;4;5;2;3;2;0,372;4;NA;0,905;0;0;NA;0;0
10438426616;3;NA;2;2;4;3;2;3;3;2;2;3;3;4;3;2;2;2;2;3;4;3;3;3;3;3;0,482;5;NA;0,663;0;0;NA;0;1
10438410747;4;4;2;2;4;3;4;3;4;3;4;3;4;3;4;5;4;4;4;3;4;2;4;2;3;1;0,481;3;NA;0,936;0;0;NA;0;0
10438330592;2;1;3;2;1;4;2;3;1;2;1;3;3;4;4;2;2;2;2;3;2;3;4;4;3;2;0,338;4;NA;0,990;0;0;NA;0;0
10438253840;4;4;3;2;3;4;3;2;2;3;3;3;3;3;3;2;3;3;3;2;2;2;4;4;2;3;0,422;6;NA;0,711;0;0;NA;0;0
10438244838;5;5;1;2;4;5;4;2;3;5;5;4;5;5;5;5;5;5;5;5;5;4;4;5;5;2;0,538;9;NA;1,210;0;1;NA;0;0
10437932648;4;4;2;2;3;3;3;4;4;4;3;4;3;3;4;4;4;4;3;3;3;4;4;4;4;2;0,491;4;NA;0,703;0;0;NA;0;0
10437851519;5;4;2;1;5;5;4;3;4;5;5;4;4;3;5;3;4;5;4;4;4;4;5;3;4;2;0,420;4;NA;1,071;0;0;NA;0;0
10437739424;4;4;2;2;3;4;2;3;2;3;3;3;2;2;4;4;4;4;5;3;4;3;4;4;4;3;0,394;4;NA;0,874;0;0;NA;0;0
10437660060;4;4;3;1;4;4;3;3;3;4;4;4;4;4;4;4;4;4;5;5;4;5;5;4;4;1;0,505;9;NA;0,992;0;1;NA;0;0
10437406920;4;5;1;1;3;3;4;2;2;4;4;4;3;3;4;3;4;4;3;3;4;3;4;4;3;2;0,432;3;NA;0,992;0;0;NA;0;0
10437107325;3;2;3;2;2;3;3;1;3;3;3;2;1;1;4;3;3;3;3;3;2;2;2;3;2;3;0,441;5;NA;0,762;0;0;NA;0;0
10436574123;4;3;4;3;3;1;4;3;2;3;4;3;5;2;3;2;3;3;2;5;5;3;4;4;4;2;0,396;3;NA;1,032;0;0;NA;0;0
10436558733;4;3;4;3;4;5;3;2;4;3;3;3;3;3;5;3;4;4;4;3;4;4;5;3;4;2;0,436;5;NA;0,811;0;0;NA;0;0
10436460608;4;2;1;2;4;4;4;3;5;4;4;5;5;5;5;5;3;3;3;3;4;5;5;5;5;2;0,462;5;NA;1,190;0;0;NA;0;0
10436314320;3;3;1;1;3;4;4;2;3;3;3;3;3;5;5;4;4;2;2;2;2;2;3;3;3;2;0,486;5;NA;1,033;0;0;NA;0;0
10436225280;5;5;1;1;4;4;4;5;3;5;3;5;5;5;5;5;5;5;5;5;3;5;5;3;5;1;0,567;9;NA;1,366;0;1;NA;1;0
10436203464;4;5;1;1;4;4;5;4;4;5;5;5;5;4;5;5;5;5;5;5;4;4;5;4;5;1;0,480;6;NA;1,266;0;0;NA;0;0
10436156058;2;5;5;4;1;1;2;3;2;1;2;1;4;1;1;2;2;3;2;2;2;2;3;3;2;3;0,448;4;NA;1,164;0;0;NA;0;0
10436150258;2;3;3;2;2;1;2;2;1;1;1;1;2;2;3;3;4;5;3;3;3;3;2;2;3;3;0,495;4;NA;0,983;0;0;NA;0;0
10435879845;4;4;1;1;2;4;4;3;4;4;4;4;4;3;4;3;4;4;4;3;3;3;3;4;4;2;0,487;5;NA;0,936;0;0;NA;0;0
10435863659;3;4;2;1;2;3;4;3;3;3;4;3;4;3;5;4;4;5;3;4;3;3;2;4;3;2;0,402;3;NA;0,951;0;0;NA;0;0
10435630308;5;4;1;1;4;4;4;2;3;3;3;3;4;3;5;3;3;4;5;4;5;3;5;2;5;2;0,343;4;NA;1,208;0;0;NA;0;0
10435527041;5;2;4;5;3;5;1;3;1;3;5;5;5;3;5;3;5;3;3;3;5;5;5;5;5;4;0,479;5;NA;1,306;0;0;NA;0;0
10435406111;3;4;2;3;3;4;3;3;4;4;3;3;4;4;5;3;4;4;3;3;2;3;4;4;4;2;0,455;3;NA;0,752;0;0;NA;0;0
10435354106;5;5;2;2;4;4;4;4;4;5;5;4;4;5;5;2;4;5;5;4;5;4;3;5;4;1;0,407;5;NA;1,131;0;0;NA;0;0
10435336690;2;2;1;2;2;4;4;2;2;3;5;2;3;2;4;3;3;3;3;4;4;4;3;2;5;2;0,383;4;NA;1,055;0;0;NA;0;0
10435179651;3;3;3;3;3;3;4;2;3;3;3;4;4;3;4;3;4;4;4;4;4;4;3;3;3;1;0,504;6;NA;0,724;0;0;NA;0;0
10435102033;3;4;1;1;2;2;5;4;2;4;4;3;5;1;5;5;5;5;3;2;2;3;3;4;4;3;0,299;4;NA;1,343;0;0;NA;1;0
10435043872;4;4;2;1;3;4;4;2;3;4;3;4;4;4;5;4;4;4;4;3;3;3;4;3;3;2;0,444;4;NA;0,898;0;0;NA;0;0
10435010223;4;4;2;4;4;4;4;2;3;3;4;5;5;5;5;2;4;4;4;4;3;3;5;3;4;2;0,427;4;NA;0,970;0;0;NA;0;0
10434768498;4;4;2;2;3;4;4;4;4;4;4;3;4;4;4;4;5;4;4;4;4;5;5;4;5;1;0,545;6;NA;0,939;0;0;NA;0;0
10434726796;4;4;2;1;2;4;4;2;3;4;4;5;4;5;4;4;4;4;4;4;4;4;4;4;4;2;0,604;11;NA;0,983;1;1;NA;0;0
10434724546;5;4;1;3;4;4;4;3;3;4;4;3;4;4;5;4;4;4;3;3;3;3;4;3;3;2;0,468;4;NA;0,860;0;0;NA;0;0
10434392442;4;3;1;1;4;4;4;2;3;4;3;3;4;4;5;4;4;4;4;4;4;3;3;5;4;2;0,450;6;NA;1,029;0;0;NA;0;0
10434365604;4;4;1;2;3;4;3;4;3;5;4;5;4;2;5;2;2;3;4;2;5;2;2;4;4;2;0,379;2;NA;1,185;0;0;NA;0;0
10434217408;4;4;1;1;4;4;3;1;3;4;4;4;3;4;4;2;4;4;4;4;4;3;5;5;3;2;0,439;5;NA;1,134;0;0;NA;0;0
10434137035;4;2;2;1;3;4;5;4;3;3;3;4;5;3;4;2;4;4;4;4;4;5;5;5;5;2;0,384;5;NA;1,134;0;0;NA;0;0
10434060438;4;4;1;1;2;5;4;1;3;4;3;2;5;1;4;3;2;4;4;4;3;4;4;3;3;2;0,384;3;NA;1,230;0;0;NA;0;0
10434015442;5;5;3;2;5;5;5;5;2;4;5;4;3;4;5;4;3;3;5;5;4;5;5;4;5;2;0,389;4;NA;1,071;0;0;NA;0;0
10433972348;4;4;1;1;4;5;4;4;4;5;5;5;5;4;5;5;5;5;5;4;4;4;4;4;4;1;0,509;6;NA;1,216;0;0;NA;0;0
10433935087;NA;2;3;4;3;3;3;3;3;3;3;2;3;3;4;2;2;3;2;2;3;3;3;3;3;4;0,548;7;NA;0,600;0;0;NA;0;1
10433882609;4;4;2;2;4;4;3;3;4;4;4;3;4;4;4;3;4;4;4;3;3;3;4;4;4;2;0,483;3;NA;0,707;0;0;NA;0;0
10433817526;4;3;2;2;3;4;3;2;3;3;3;3;3;2;5;2;4;4;3;2;2;2;2;2;3;2;0,452;5;NA;0,849;0;0;NA;0;0
10433355776;4;5;2;2;4;5;4;4;3;3;4;3;3;4;5;4;4;5;5;5;2;4;4;2;4;1;0,373;3;NA;1,129;0;0;NA;0;0
10433307352;2;3;2;1;3;5;3;4;4;4;3;1;3;2;4;2;2;3;3;3;4;2;3;2;2;2;0,376;3;NA;0,992;0;0;NA;0;0
10433188613;3;4;2;2;3;4;4;3;3;4;4;2;3;3;5;5;4;4;3;4;5;3;3;2;4;2;0,322;2;NA;0,941;0;0;NA;0;0
10433123998;4;3;3;3;4;4;3;3;4;3;2;3;3;3;3;2;3;3;4;3;2;3;4;4;5;3;0,491;4;NA;0,710;0;0;NA;0;0
10433051610;4;4;2;2;2;3;2;3;1;4;3;3;4;2;5;4;4;4;3;2;3;2;2;3;3;2;0,417;3;NA;0,977;0;0;NA;0;0
10433008526;4;3;2;2;3;4;3;3;3;3;2;3;4;3;3;2;2;2;3;3;3;3;4;3;3;3;0,544;4;NA;0,628;0;0;NA;0;1
10432933955;5;4;2;3;5;5;5;5;4;5;5;5;5;5;5;5;4;4;5;3;2;3;2;3;3;2;0,548;7;NA;1,166;0;0;NA;0;0
10432870055;4;3;2;2;3;2;3;3;4;3;5;4;4;3;4;4;3;3;3;4;4;4;5;5;5;5;0,416;4;NA;0,941;0;0;NA;0;0
10432817924;4;4;2;2;3;5;4;3;3;4;4;3;3;2;4;3;4;4;4;3;4;3;4;4;4;2;0,390;3;NA;0,809;0;0;NA;0;0
10432791956;2;4;2;4;2;4;5;1;3;5;4;3;4;3;2;4;4;4;4;2;4;2;2;2;2;1;0,396;4;NA;1,183;0;0;NA;0;0
10432778225;3;3;1;1;4;3;3;3;3;3;3;3;3;3;5;4;4;4;4;4;4;4;4;4;4;1;0,684;10;NA;1,002;1;1;NA;0;0
10432776660;4;4;1;1;4;4;4;4;4;4;4;4;4;4;4;4;4;4;4;4;4;4;4;4;4;1;0,814;21;NA;0,977;1;1;NA;0;0
10432736829;4;2;3;4;4;4;2;2;4;3;1;1;4;3;5;4;3;3;3;3;3;3;4;2;4;3;0,407;6;NA;0,993;0;0;NA;0;0
10432735450;5;5;1;1;4;5;4;5;4;4;5;5;4;4;5;4;4;4;4;5;5;4;4;5;5;1;0,444;4;NA;1,230;0;0;NA;0;0
10432729612;4;4;3;3;2;4;4;3;4;3;4;2;4;2;3;2;2;2;2;4;3;5;4;3;2;3;0,382;4;NA;0,909;0;0;NA;0;0
10432696146;3;3;2;2;3;4;3;2;3;4;4;2;4;3;4;4;3;4;3;4;2;4;4;4;3;1;0,373;3;NA;0,881;0;0;NA;0;0
10432626890;4;4;2;2;4;5;4;4;4;4;4;4;4;4;4;4;4;4;4;4;3;4;4;4;3;2;0,644;14;NA;0,724;1;1;NA;0;0
10432613091;5;4;2;1;5;5;5;3;4;5;5;5;5;5;5;4;5;5;5;4;5;5;4;5;4;2;0,568;6;NA;1,123;0;0;NA;0;0
10432606334;4;4;1;2;3;4;4;3;4;4;5;2;3;4;5;5;4;4;5;3;2;4;5;4;5;1;0,416;2;NA;1,203;0;0;NA;0;0
10432517607;4;3;1;1;NA;4;3;2;4;3;5;2;4;3;5;3;3;5;3;5;5;5;5;3;2;2;0,525;4;NA;1,291;0;0;NA;0;0
10432516145;5;5;1;1;3;4;4;1;4;5;4;5;5;4;5;5;5;5;5;4;5;5;5;4;5;1;0,474;5;NA;1,428;0;0;NA;1;0
10432504217;4;3;2;2;2;3;2;3;2;3;3;3;4;3;5;4;3;3;3;2;3;2;5;4;4;2;0,444;3;NA;0,916;0;0;NA;0;0
10432501269;3;5;1;3;2;4;3;4;3;4;3;5;4;2;5;4;4;4;3;2;2;3;5;5;5;2;0,364;3;NA;1,174;0;0;NA;0;0
10432460605;3;1;2;2;3;4;3;2;3;3;4;2;4;4;5;2;2;2;2;5;2;3;3;4;3;3;0,396;4;NA;1,017;0;0;NA;0;0
10432368808;4;3;1;1;4;5;3;3;5;4;5;2;3;4;5;4;3;2;2;3;3;2;4;4;3;2;0,349;2;NA;1,177;0;0;NA;0;0
10432338283;5;4;1;2;3;5;4;3;4;4;4;3;5;4;5;4;4;4;4;4;4;3;4;4;4;2;0,568;6;NA;0,962;0;0;NA;0;0
10432307861;2;1;2;2;2;3;1;2;2;2;4;2;2;3;3;3;2;2;2;3;2;2;3;3;3;4;0,464;3;NA;0,752;0;0;NA;0;0
10432307052;4;5;1;1;3;4;5;2;3;5;5;3;4;3;5;4;5;5;4;4;4;4;5;2;4;2;0,350;4;NA;1,258;0;0;NA;0;0
10432195786;4;4;1;1;3;4;3;2;4;3;5;3;4;3;5;2;3;3;3;3;4;3;2;2;4;2;0,353;4;NA;1,055;0;0;NA;0;0
10432157506;3;4;2;2;3;3;2;2;3;3;4;3;3;3;4;3;3;4;4;4;3;3;3;4;3;2;0,423;3;NA;0,688;0;0;NA;0;0
10432155626;4;5;3;1;3;4;4;4;3;3;2;3;4;3;4;2;3;3;3;4;2;3;2;4;3;2;0,397;3;NA;0,909;0;0;NA;0;0
10432119400;4;4;1;3;4;4;4;2;3;4;4;3;4;4;5;5;5;5;5;4;4;4;4;3;3;2;0,522;5;NA;1,002;0;0;NA;0;0
10432081764;4;4;3;2;4;3;3;3;4;3;4;3;4;3;5;2;3;3;3;3;3;4;5;4;5;2;0,437;5;NA;0,857;0;0;NA;0;0
10432065931;4;4;2;1;3;4;3;2;3;4;4;2;3;3;5;2;3;4;2;2;4;3;2;5;2;2;0,383;2;NA;1,058;0;0;NA;0;0
10432065836;3;3;2;3;3;4;4;2;3;4;5;3;3;2;4;4;4;4;4;3;3;3;4;2;4;3;0,408;5;NA;0,788;0;0;NA;0;0
10431996089;4;4;1;1;3;4;3;4;4;3;4;4;4;3;4;2;4;5;4;2;2;4;5;5;5;3;0,440;3;NA;1,140;0;0;NA;0;0
10431823143;4;4;2;2;4;4;4;2;4;4;4;4;4;3;5;4;4;4;4;4;4;5;4;2;2;2;0,589;6;NA;0,945;0;0;NA;0;0
10431817947;4;4;2;2;4;5;4;3;4;4;5;4;4;4;4;4;3;4;4;4;4;5;5;5;3;2;0,432;5;NA;0,881;0;0;NA;0;0
10431811967;4;4;3;NA;NA;NA;NA;NA;NA;3;3;3;3;3;4;3;3;3;3;4;3;3;5;3;3;1;0,565;5;NA;0,768;0;0;NA;0;0
10431809799;5;4;2;2;4;4;4;3;3;4;4;4;3;4;5;4;4;4;4;3;3;3;4;4;4;2;0,493;4;NA;0,804;0;0;NA;0;0
10431802993;4;5;1;1;3;3;4;3;4;4;4;3;5;3;5;3;2;2;2;4;2;3;4;3;5;2;0,346;3;NA;1,177;0;0;NA;0;0
10431785671;3;5;1;1;1;4;4;2;3;2;5;2;4;2;5;4;4;4;3;4;4;4;5;3;4;2;0,371;3;NA;1,282;0;0;NA;0;0
10431765247;2;1;3;3;2;2;2;2;2;2;2;2;2;2;3;2;2;2;2;2;2;2;2;2;2;2;0,798;11;NA;0,392;1;1;NA;0;1
10431759139;4;5;1;1;4;4;4;4;4;5;4;5;5;5;5;5;5;5;5;5;4;5;5;5;4;1;0,501;9;NA;1,266;0;1;NA;0;0
10431727479;1;1;3;4;3;5;3;1;2;4;2;1;3;2;4;2;4;4;3;3;3;3;3;2;2;3;0,354;5;NA;1,079;0;0;NA;0;0
10431724583;5;3;1;2;4;4;4;3;4;4;4;3;4;5;5;5;5;5;4;4;3;4;5;3;4;1;0,478;5;NA;1,142;0;0;NA;0;0
10431711908;4;4;4;4;4;4;4;4;4;4;3;3;4;4;4;4;4;4;4;4;3;3;4;4;3;2;0,668;10;NA;0,533;1;1;NA;0;1
10431701550;3;3;2;2;3;4;3;1;2;4;5;3;3;3;4;2;4;4;3;2;3;2;3;5;2;3;0,352;3;NA;0,980;0;0;NA;0;0
10431700660;4;4;1;2;4;5;4;3;3;4;5;3;4;3;5;4;4;4;4;5;3;3;2;2;3;2;0,354;4;NA;1,067;0;0;NA;0;0
10431698899;4;3;1;1;4;5;4;4;5;4;4;3;4;4;4;4;4;4;4;4;3;4;5;4;4;2;0,507;8;NA;1,011;0;1;NA;0;0
10431698093;4;4;2;1;4;4;4;2;4;5;5;4;3;4;5;5;5;5;5;5;5;5;5;2;2;2;0,532;9;NA;1,275;0;1;NA;0;0
10431694827;4;4;3;4;3;4;2;4;2;3;4;2;4;3;2;3;4;4;4;4;4;3;4;2;4;3;0,466;5;NA;0,797;0;0;NA;0;0
10431662945;5;5;1;1;4;4;5;3;4;5;5;3;5;3;5;4;4;4;4;3;3;3;4;4;3;2;0,347;4;NA;1,158;0;0;NA;0;0
10431662225;4;4;1;2;3;4;4;3;4;4;4;3;4;3;4;4;4;4;4;4;4;4;4;4;3;2;0,629;10;NA;0,811;1;1;NA;0;0
10431656950;3;3;2;2;3;4;4;3;4;3;4;4;3;3;4;4;4;4;4;3;5;3;3;3;4;2;0,429;5;NA;0,752;0;0;NA;0;0
10431655338;4;4;2;1;3;4;4;3;3;5;5;3;4;3;5;3;5;5;5;4;5;4;2;4;3;1;0,353;3;NA;1,203;0;0;NA;0;0
10431650146;3;3;1;3;3;4;4;3;4;3;4;4;5;3;5;3;3;4;4;4;3;3;3;2;5;2;0,423;3;NA;0,941;0;0;NA;0;0
10431650074;4;3;3;2;3;4;4;4;3;3;4;3;4;4;4;2;4;4;4;4;4;3;3;2;4;2;0,417;5;NA;0,752;0;0;NA;0;0
10431645190;3;4;1;1;4;5;4;2;4;4;5;3;5;4;5;4;5;5;5;4;4;4;5;5;5;1;0,400;3;NA;1,306;0;0;NA;0;0
10431619686;3;3;2;3;4;4;3;3;3;4;4;3;4;3;2;NA;3;4;4;3;3;3;4;4;2;2;0,407;3;NA;0,707;0;0;NA;0;0
10431617366;4;5;1;1;2;2;4;2;3;5;3;3;4;2;5;2;5;5;2;3;2;4;4;2;4;2;0,346;2;NA;1,306;0;0;NA;0;0
10431613448;3;2;3;2;3;3;2;3;4;3;2;3;4;3;4;2;3;3;2;2;2;3;3;4;4;2;0,439;3;NA;0,732;0;0;NA;0;0
10431609875;5;5;3;1;4;4;3;3;5;4;4;5;5;5;5;3;4;4;5;4;5;3;4;3;4;2;0,351;4;NA;1,055;0;0;NA;0;0
10431606358;4;3;1;2;4;4;4;4;5;4;4;5;4;4;5;2;4;4;4;2;2;4;3;5;5;1;0,430;4;NA;1,206;0;0;NA;0;0
10431605749;4;3;1;1;3;3;3;2;2;3;3;4;4;3;5;3;4;4;3;3;5;3;3;4;2;2;0,413;3;NA;1,017;0;0;NA;0;0
10431592800;3;5;1;1;3;4;3;2;3;3;4;3;4;3;4;4;4;4;3;4;4;4;4;3;4;2;0,500;4;NA;0,970;0;0;NA;0;0
10431587890;4;4;1;1;4;4;4;3;3;4;4;3;3;4;5;4;4;4;4;4;4;4;4;4;4;2;0,551;10;NA;0,945;0;1;NA;0;0
10431585782;4;5;1;1;4;4;4;4;4;4;4;3;4;4;4;5;4;4;4;4;4;4;4;4;4;1;0,644;9;NA;1,050;1;1;NA;0;0
10431561746;4;4;1;1;4;5;2;3;4;4;3;3;4;4;5;3;4;3;4;4;4;3;4;4;3;1;0,450;3;NA;1,098;0;0;NA;0;0
10431555663;4;4;2;1;3;4;4;3;4;4;3;4;5;3;5;3;4;3;4;3;2;3;3;3;3;2;0,422;4;NA;0,928;0;0;NA;0;0
10431508768;4;3;4;3;3;5;4;2;4;4;3;3;3;4;4;4;4;4;4;3;3;3;4;4;4;2;0,476;6;NA;0,706;0;0;NA;0;0
10431480943;3;1;5;4;2;2;1;1;3;2;3;2;3;3;3;5;2;2;2;2;3;2;2;NA;2;3;0,402;4;NA;1,046;0;0;NA;0;0
10431480279;4;3;2;1;3;4;4;4;4;4;5;3;5;3;5;3;4;4;4;4;4;4;5;4;4;2;0,555;6;NA;0,970;0;0;NA;0;0
10431477546;4;4;3;2;3;4;3;4;4;3;4;3;4;4;4;4;4;4;3;4;2;4;4;4;4;2;0,517;6;NA;0,706;0;0;NA;0;0
10431452233;3;2;3;3;3;3;3;2;3;3;3;3;3;3;4;4;4;4;4;3;3;3;4;4;3;2;0,581;6;NA;0,613;0;0;NA;0;1
10431447324;4;4;1;1;3;3;2;2;2;3;3;3;4;3;4;2;2;2;2;4;4;4;3;3;2;3;0,396;4;NA;0,939;0;0;NA;0;0
10431434106;3;3;3;4;4;5;4;4;4;5;5;3;4;4;5;NA;5;5;5;5;3;5;4;4;4;2;0,407;4;NA;0,862;0;0;NA;0;0
10431425238;4;4;2;2;4;4;4;2;3;3;4;4;3;3;4;5;4;3;4;3;4;3;5;4;5;2;0,360;3;NA;0,905;0;0;NA;0;0
10431325394;3;4;2;3;3;4;4;4;5;3;4;4;4;3;5;3;3;4;3;3;3;4;4;3;3;4;0,471;3;NA;0,706;0;0;NA;0;0
10431295134;4;4;3;4;3;4;4;4;NA;3;2;1;2;1;4;2;2;5;2;4;4;4;5;5;5;2;0,411;3;NA;1,249;0;0;NA;0;0
10431083570;5;2;2;2;2;3;4;2;5;2;4;5;5;1;5;2;2;2;4;3;3;3;4;5;4;4;0,394;4;NA;1,282;0;0;NA;0;0
10431081415;4;4;3;2;2;3;2;4;5;3;5;2;5;2;5;3;2;2;4;2;2;2;5;5;5;2;0,357;3;NA;1,282;0;0;NA;0;0
10430970939;4;NA;1;1;4;4;3;2;4;4;5;3;3;3;4;5;4;4;4;4;4;4;5;3;3;1;0,467;6;NA;1,158;0;0;NA;0;0
10430968783;4;5;1;1;3;4;3;3;4;3;4;3;4;3;5;5;4;4;4;3;5;3;4;4;5;2;0,382;3;NA;1,102;0;0;NA;0;0
10430908587;1;3;1;1;3;1;2;3;2;2;5;5;5;5;4;5;2;2;2;3;2;5;2;2;2;5;0,425;4;NA;1,479;0;0;NA;1;0
10430899208;4;4;2;2;5;5;4;4;4;4;4;3;4;4;4;4;3;4;4;5;4;5;4;5;4;2;0,501;5;NA;0,864;0;0;NA;0;0
10430879129;3;3;3;2;4;5;4;3;3;3;5;5;5;4;5;3;4;5;4;5;5;5;5;5;5;2;0,485;6;NA;1,038;0;0;NA;0;0
10430875321;5;4;2;2;3;4;4;4;5;4;4;5;5;3;5;4;5;5;4;3;4;5;5;5;5;1;0,383;4;NA;1,113;0;0;NA;0;0
10430873015;2;2;2;2;2;3;2;3;4;3;2;4;5;4;5;4;4;4;2;2;2;2;5;5;4;4;0,452;5;NA;1,167;0;0;NA;0;0
10430871931;4;5;2;2;4;5;4;2;3;4;4;4;4;4;5;5;5;5;5;5;4;4;5;5;5;1;0,448;6;NA;1,148;0;0;NA;0;0
10430840951;4;4;1;2;4;4;4;4;4;4;4;4;4;4;4;4;4;4;4;4;4;4;4;4;4;1;0,854;21;NA;0,884;1;1;NA;0;0
10430829779;4;5;2;1;3;4;4;1;4;4;5;3;4;3;5;3;4;3;4;3;3;3;5;3;4;2;0,411;3;NA;1,102;0;0;NA;0;0
10430807384;4;4;1;1;3;4;2;2;3;2;5;3;4;4;4;2;2;3;4;2;3;5;3;4;4;2;0,480;3;NA;1,129;0;0;NA;0;0
10430800061;3;4;2;1;2;3;4;1;3;3;5;4;4;3;5;3;4;3;2;2;2;2;2;4;3;2;0,359;5;NA;1,093;0;0;NA;0;0
10430799975;3;1;1;2;2;2;5;3;1;5;5;2;5;5;5;2;5;5;2;2;3;2;2;3;5;3;0,358;3;NA;1,505;0;0;NA;1;0
10430790978;4;3;2;2;3;4;4;4;4;4;4;4;4;2;4;4;4;4;4;4;4;4;3;3;3;2;0,585;8;NA;0,762;0;1;NA;0;0
10430787828;4;4;3;1;4;4;4;3;3;4;5;4;4;3;5;3;4;4;4;3;4;3;5;4;3;1;0,421;3;NA;0,987;0;0;NA;0;0
10430786467;3;3;2;3;2;3;3;3;3;3;3;3;3;3;4;5;3;3;4;3;3;3;3;2;3;2;0,598;9;NA;0,632;0;1;NA;0;1
10430780342;2;4;1;1;2;3;3;3;4;3;2;1;2;2;4;4;2;2;3;2;2;3;4;3;4;2;0,333;3;NA;0,983;0;0;NA;0;0
10430778231;1;1;4;5;1;2;2;2;2;1;2;1;1;1;1;2;5;5;5;5;5;5;5;5;5;2;0,527;9;NA;1,787;0;1;NA;1;0
10430748046;3;3;3;2;4;4;3;2;3;3;3;3;4;3;5;5;4;3;4;4;2;3;4;5;4;2;0,365;4;NA;0,898;0;0;NA;0;0
10430738851;3;4;3;3;2;2;3;2;2;3;4;2;3;2;4;4;4;4;3;4;3;2;4;4;5;3;0,387;4;NA;0,881;0;0;NA;0;0
10430726856;2;2;5;5;2;2;4;3;4;2;3;1;5;2;2;2;2;2;2;2;2;3;3;4;2;4;0,490;8;NA;1,142;0;1;NA;0;0
10430709291;4;4;2;2;3;5;3;3;4;4;4;5;4;3;4;4;4;4;5;4;3;4;4;4;4;1;0,437;4;NA;0,936;0;0;NA;0;0
10430704335;4;4;1;1;4;5;4;3;4;4;5;4;4;5;5;4;5;5;5;4;4;4;4;4;4;1;0,450;6;NA;1,177;0;0;NA;0;0
10430697118;3;4;2;1;2;4;3;2;2;4;4;3;3;3;4;5;3;3;2;3;2;2;4;4;3;3;0,380;3;NA;0,938;0;0;NA;0;0
10430694004;4;2;3;3;3;3;4;3;4;3;4;5;4;2;4;3;3;4;3;2;2;3;5;4;5;2;0,383;4;NA;0,936;0;0;NA;0;0
10430690663;5;4;1;3;4;4;3;3;2;3;3;4;4;3;3;5;3;4;3;3;3;3;2;4;4;2;0,387;4;NA;0,919;0;0;NA;0;0
10430681272;4;3;3;3;3;3;3;2;3;3;3;3;3;3;4;2;3;3;3;3;2;3;4;4;4;2;0,608;6;NA;0,599;1;0;NA;0;1
10430669337;5;4;1;1;4;4;4;3;4;3;4;5;5;5;5;2;2;2;4;2;2;4;4;4;4;2;0,439;4;NA;1,270;0;0;NA;0;0
10430660175;5;4;2;3;4;5;4;4;4;4;4;3;5;4;5;5;5;5;5;5;5;5;5;5;4;2;0,490;10;NA;0,919;0;1;NA;0;0
10430649284;4;4;2;1;3;3;2;3;5;3;3;5;4;5;5;2;3;3;4;3;4;4;5;4;3;2;0,330;2;NA;1,102;0;0;NA;0;0
10430646515;3;4;1;1;4;5;5;1;3;3;5;5;3;3;5;5;5;5;5;4;4;4;2;3;5;3;0,397;5;NA;1,350;0;0;NA;1;0
10430605540;4;4;1;1;3;5;4;2;4;4;5;3;4;3;5;5;5;4;5;5;4;4;4;3;4;2;0,374;3;NA;1,185;0;0;NA;0;0
10430600405;5;4;2;1;4;4;4;3;3;4;4;4;4;4;5;4;4;4;4;4;3;3;4;4;4;2;0,600;5;NA;0,892;1;0;NA;0;0
10430594077;4;4;1;1;4;5;4;3;3;5;5;5;5;3;5;5;4;4;4;5;4;5;5;3;3;1;0,364;4;NA;1,287;0;0;NA;0;0
10430586602;4;4;2;2;4;4;3;4;4;5;3;5;4;5;5;2;3;4;3;2;3;4;5;5;4;4;0,335;2;NA;1,002;0;0;NA;0;0
10430577946;4;4;4;2;4;5;4;4;4;3;3;4;3;4;4;5;4;4;4;4;4;4;4;4;4;2;0,568;9;NA;0,694;0;1;NA;0;0
10430569669;3;3;3;3;3;3;3;3;3;3;3;3;3;3;4;3;3;3;3;3;3;3;2;2;3;3;0,811;14;NA;0,344;1;1;NA;0;1
10430568688;1;4;1;2;1;1;5;1;2;1;2;1;2;1;5;3;5;5;2;2;2;2;2;2;2;3;0,423;7;NA;1,379;0;0;NA;1;0
10430564992;4;4;2;1;3;5;4;3;4;5;5;3;5;4;5;2;5;5;4;4;4;3;5;4;5;2;0,393;3;NA;1,156;0;0;NA;0;0
10430560574;4;4;1;1;3;4;4;3;3;3;4;3;4;3;5;4;4;4;4;4;3;3;5;2;4;2;0,410;5;NA;1,023;0;0;NA;0;0
10430553519;4;4;1;1;4;4;4;2;3;4;4;3;3;4;5;5;4;4;5;5;3;5;5;4;5;3;0,372;3;NA;1,142;0;0;NA;0;0
10430544161;3;4;2;1;3;4;4;2;2;3;5;3;5;3;3;2;4;4;3;2;3;3;3;3;2;2;0,379;4;NA;0,980;0;0;NA;0;0
10430540012;4;4;1;2;4;4;4;3;3;3;4;4;4;4;5;4;4;4;4;4;4;4;5;4;5;2;0,578;7;NA;0,919;0;0;NA;0;0
10430531719;5;5;1;4;4;5;4;2;3;5;5;5;4;5;5;5;5;5;5;3;3;5;5;5;5;1;0,532;6;NA;1,266;0;0;NA;0;0
10430529071;4;5;1;1;3;4;3;3;3;4;5;3;4;3;5;5;5;5;5;3;3;3;5;5;4;5;0,411;5;NA;1,201;0;0;NA;0;0
10430528428;4;4;3;1;3;4;4;3;3;4;5;4;3;3;5;5;5;5;4;4;3;4;4;4;4;2;0,410;4;NA;0,962;0;0;NA;0;0
10430523214;5;2;4;4;4;5;5;2;5;3;3;5;4;3;4;2;3;4;3;5;2;5;5;5;5;2;0,335;4;NA;1,167;0;0;NA;0;0
10430519788;4;4;1;2;4;5;4;1;1;2;4;5;4;2;4;4;2;5;2;5;4;5;2;2;4;3;0,379;2;NA;1,373;0;0;NA;1;0
10430517821;4;4;2;3;4;4;4;4;4;4;3;3;4;4;4;4;4;4;4;4;4;4;4;4;4;1;0,730;13;NA;0,736;1;1;NA;0;0
10430501440;3;4;2;1;3;4;4;4;4;3;4;2;4;2;4;2;4;5;4;5;2;5;2;5;5;4;0,445;4;NA;1,175;0;0;NA;0;0
10430501401;4;2;2;5;2;2;2;3;2;2;3;2;2;2;4;2;2;2;3;3;4;3;2;5;2;2;0,488;3;NA;0,977;0;0;NA;0;0
10430489382;5;5;1;1;4;4;3;4;4;4;5;5;5;5;5;4;4;4;4;4;4;4;5;4;3;2;0,504;7;NA;1,129;0;0;NA;0;0
10430487419;5;5;1;2;4;4;4;3;4;5;4;4;5;4;5;5;5;5;4;5;4;4;5;5;5;1;0,475;4;NA;1,177;0;0;NA;0;0
10430482890;4;4;2;2;3;3;3;4;4;3;3;4;4;3;5;4;4;4;4;3;3;3;5;5;4;2;0,432;4;NA;0,859;0;0;NA;0;0
10430469718;3;3;2;4;3;3;2;3;4;3;3;4;4;4;4;3;3;4;3;4;3;5;4;4;3;4;0,441;4;NA;0,703;0;0;NA;0;0
10430463173;4;4;2;1;3;3;4;2;3;5;5;4;4;4;5;4;4;4;4;4;4;5;4;4;4;2;0,521;6;NA;1,011;0;0;NA;0;0
10430461676;4;3;3;1;3;4;4;4;4;3;4;4;4;2;5;5;3;3;3;4;3;3;4;4;4;2;0,473;4;NA;0,905;0;0;NA;0;0
10430460750;5;5;2;2;5;5;4;4;3;4;5;4;4;4;5;4;4;4;4;5;4;3;4;5;4;2;0,445;4;NA;0,938;0;0;NA;0;0
10430456219;3;3;4;4;3;4;4;3;4;3;3;3;3;3;4;3;4;4;4;4;3;3;5;4;4;2;0,453;5;NA;0,648;0;0;NA;0;1
10430452312;5;5;1;1;4;4;4;3;4;5;5;4;5;4;5;5;4;4;4;4;4;4;5;5;5;1;0,452;6;NA;1,233;0;0;NA;0;0
10430450824;4;4;1;1;4;4;4;4;4;4;4;3;4;4;5;5;5;5;5;5;5;5;5;3;3;1;0,613;9;NA;1,243;1;1;NA;0;0
10430449367;2;3;3;3;3;5;3;1;2;2;4;2;4;2;5;2;2;2;2;4;2;4;3;3;3;2;0,456;4;NA;1,021;0;0;NA;0;0
10430448718;4;3;2;3;3;4;4;4;3;3;5;2;5;2;4;2;4;2;4;4;4;3;4;3;3;1;0,392;3;NA;1,002;0;0;NA;0;0
10430439285;4;4;1;1;3;5;4;5;4;3;4;3;5;3;5;3;5;5;5;4;3;4;5;5;5;1;0,379;3;NA;1,297;0;0;NA;0;0
10430432155;5;5;3;1;5;5;4;2;4;4;4;5;5;5;5;4;4;4;4;4;3;4;5;5;4;2;0,468;5;NA;1,076;0;0;NA;0;0
10430430687;3;4;2;1;2;3;2;2;3;3;3;2;4;2;5;4;4;4;3;3;3;2;4;2;4;3;0,387;3;NA;0,958;0;0;NA;0;0
10430428960;5;4;2;1;4;5;5;4;5;5;5;5;5;4;5;5;5;5;5;4;4;4;4;4;5;2;0,507;5;NA;1,079;0;0;NA;0;0
10430422428;4;4;1;4;4;4;4;3;3;3;3;3;4;4;5;2;4;3;3;3;3;3;4;4;5;2;0,596;5;NA;0,902;0;0;NA;0;0
10430421233;2;2;4;4;2;2;3;2;3;2;3;1;3;2;4;2;2;2;2;3;3;3;4;4;3;3;0,376;4;NA;0,838;0;0;NA;0;0
10430414322;4;4;1;2;4;5;4;3;3;3;5;4;5;4;5;4;4;5;4;5;5;4;3;5;4;2;0,537;3;NA;1,071;0;0;NA;0;0
10430413380;4;4;1;1;3;3;3;4;4;3;3;4;4;4;5;3;3;3;3;3;3;3;5;5;5;2;0,495;7;NA;1,061;0;0;NA;0;0
10430408078;4;4;4;3;4;5;4;3;4;3;4;5;4;3;3;4;4;4;4;4;3;4;5;5;5;1;0,445;5;NA;0,881;0;0;NA;0;0
10430407908;3;2;4;3;4;3;2;2;4;2;4;2;4;3;2;4;2;2;2;3;2;2;2;3;3;3;0,420;3;NA;0,815;0;0;NA;0;0
10430400675;4;4;1;1;3;4;5;3;3;3;2;3;5;4;5;5;4;4;4;4;5;2;3;3;3;1;0,406;4;NA;1,235;0;0;NA;0;0
10430400453;4;4;1;2;4;5;4;3;2;4;4;3;3;3;5;4;4;4;4;5;3;4;5;4;4;2;0,433;4;NA;1,023;0;0;NA;0;0
10430395107;5;4;1;1;4;4;4;4;4;4;4;4;4;4;5;4;4;4;5;5;4;5;4;4;4;2;0,576;10;NA;1,033;0;1;NA;0;0
10430390468;4;4;2;1;4;5;4;4;3;3;3;4;4;3;5;2;4;4;5;4;4;4;5;4;3;2;0,405;3;NA;1,023;0;0;NA;0;0
10430389142;5;5;1;2;3;4;4;4;4;4;4;3;4;4;5;5;5;5;5;4;4;4;5;4;2;1;0,543;6;NA;1,190;0;0;NA;0;0
10430388341;3;4;1;2;3;3;4;1;3;4;2;2;3;2;4;4;4;4;4;4;4;3;3;2;4;2;0,373;7;NA;0,999;0;0;NA;0;0
10430385336;3;2;4;3;3;4;4;3;3;3;3;1;3;3;4;3;3;4;3;3;2;3;2;3;3;2;0,468;4;NA;0,720;0;0;NA;0;0
10430381957;4;4;1;1;2;4;4;3;4;3;5;3;3;3;5;4;4;4;3;2;3;3;5;5;5;2;0,366;3;NA;1,172;0;0;NA;0;0
10430372223;4;4;1;2;4;5;4;4;4;4;4;4;4;4;5;4;4;4;4;4;4;4;4;5;5;2;0,635;8;NA;0,909;1;1;NA;0;0
10430369761;5;4;2;1;4;4;4;3;5;4;5;4;4;3;5;4;5;5;5;4;4;4;5;3;4;1;0,430;3;NA;1,143;0;0;NA;0;0
10430368985;4;5;2;2;4;5;4;4;4;3;4;4;4;4;5;4;4;4;4;4;5;4;5;5;3;2;0,445;5;NA;0,891;0;0;NA;0;0
10430365138;5;5;3;3;4;5;5;4;3;4;5;4;4;4;5;4;5;5;5;5;5;5;5;5;5;1;0,483;9;NA;0,977;0;1;NA;0;0
10430365103;4;3;1;1;4;5;5;5;4;4;4;5;5;5;4;2;4;4;4;3;3;4;4;5;5;3;0,412;3;NA;1,156;0;0;NA;0;0
10430362207;5;5;1;2;4;5;5;2;4;4;5;3;5;3;5;4;4;5;5;4;4;3;4;4;4;1;0,415;3;NA;1,223;0;0;NA;0;0
10430360124;4;4;2;2;4;4;4;3;4;4;4;3;4;4;5;4;4;4;5;4;4;4;4;4;5;2;0,538;5;NA;0,801;0;0;NA;0;0
10430359041;4;5;1;1;4;4;4;3;3;4;4;5;4;4;5;4;4;4;4;4;4;4;4;4;5;1;0,539;9;NA;1,116;0;1;NA;0;0
10430357633;4;4;1;2;4;5;4;4;3;4;5;4;4;4;5;3;4;5;4;5;3;5;3;4;4;2;0,463;3;NA;1,021;0;0;NA;0;0
10430354176;2;2;4;2;3;4;2;2;2;2;4;2;3;3;4;2;4;4;3;5;4;5;2;2;2;3;0,389;4;NA;1,038;0;0;NA;0;0
10430353901;4;4;4;2;4;4;4;3;4;4;3;2;4;3;5;5;3;3;5;4;3;5;4;4;4;2;0,432;3;NA;0,884;0;0;NA;0;0
10430353252;4;2;3;2;3;5;3;3;4;3;4;5;4;4;5;4;4;4;5;3;5;3;5;5;5;3;0,386;3;NA;0,967;0;0;NA;0;0
10430352862;5;5;2;2;4;4;4;4;4;4;5;3;4;4;5;4;4;4;4;4;4;4;4;4;4;2;0,631;10;NA;0,816;1;1;NA;0;0
10430352185;4;2;2;3;2;3;3;2;4;3;3;2;4;3;4;2;2;2;2;3;2;3;5;2;4;3;0,403;4;NA;0,881;0;0;NA;0;0
10430348866;3;3;3;2;2;3;2;2;3;3;4;3;4;2;5;2;3;3;2;3;3;3;2;2;3;4;0,423;3;NA;0,784;0;0;NA;0;0
10430348263;5;5;1;1;4;5;4;4;4;4;5;4;4;4;4;4;4;5;5;4;3;4;5;5;5;2;0,449;6;NA;1,131;0;0;NA;0;0
10430348177;2;1;2;3;2;3;3;2;3;1;3;1;4;1;4;4;2;4;2;4;2;3;3;2;4;2;0,407;2;NA;1,027;0;0;NA;0;0
10430347473;4;4;2;1;4;4;4;2;3;4;4;3;3;3;4;3;4;4;5;5;4;4;5;3;3;1;0,389;3;NA;1,067;0;0;NA;0;0
10430347233;3;4;1;2;3;4;3;2;3;4;5;3;4;2;5;3;3;3;4;2;2;3;4;2;5;2;0,462;3;NA;1,071;0;0;NA;0;0
10430347067;4;5;2;1;4;5;5;5;5;5;5;5;5;3;5;3;5;5;5;5;4;4;5;5;5;2;0,620;8;NA;1,158;1;1;NA;0;0
10430346079;1;2;4;3;2;1;3;1;1;2;2;2;2;1;2;2;2;2;2;2;2;3;2;2;2;5;0,515;7;NA;0,909;0;0;NA;0;0
10430345477;3;3;2;2;3;4;3;2;3;2;3;2;4;3;4;4;3;3;3;4;2;4;2;2;2;2;0,358;4;NA;0,784;0;0;NA;0;0
10430344757;4;5;1;1;4;4;4;3;4;4;4;4;3;4;4;4;4;4;4;4;5;4;4;4;4;1;0,592;7;NA;1,056;0;0;NA;0;0
10430344143;4;3;1;2;4;4;2;3;2;3;4;3;4;3;4;5;2;2;3;4;5;5;5;5;5;4;0,454;5;NA;1,175;0;0;NA;0;0
10430344049;4;2;3;2;3;4;2;1;4;2;2;3;5;3;2;2;2;2;3;4;3;3;4;5;2;3;0,422;4;NA;1,033;0;0;NA;0;0
10430343868;4;4;4;2;4;5;5;1;3;3;3;3;3;4;5;5;4;4;4;4;5;3;NA;3;2;2;0,440;5;NA;1,083;0;0;NA;0;0
10430340365;3;4;3;2;3;3;4;1;3;3;4;3;4;3;4;2;4;4;4;3;4;3;4;2;2;2;0,452;3;NA;0,864;0;0;NA;0;0
10430340126;4;3;3;4;3;3;3;2;4;3;3;3;3;4;5;2;4;4;3;3;4;3;4;4;4;5;0,492;4;NA;0,761;0;0;NA;0;0
10430339999;4;4;1;4;4;1;3;4;3;3;2;5;5;4;5;4;4;5;4;5;3;4;5;5;4;1;0,387;2;NA;1,258;0;0;NA;0;0
10430339464;4;4;1;2;3;4;3;3;3;3;3;3;4;4;3;3;4;4;4;4;4;4;4;4;4;2;0,583;9;NA;0,804;0;1;NA;0;0
10430339334;5;4;2;1;4;4;4;5;4;4;5;4;4;4;4;4;4;4;4;4;4;4;5;5;4;2;0,620;11;NA;0,935;1;1;NA;0;0
10430337253;2;2;3;1;4;5;2;2;2;3;4;3;3;3;5;2;3;3;4;5;5;4;2;5;3;5;0,355;3;NA;1,218;0;0;NA;0;0
10430335934;4;4;1;1;4;5;4;3;4;4;4;3;3;3;4;5;5;5;5;3;5;4;4;3;5;2;0,326;4;NA;1,151;0;0;NA;0;0
10430335767;5;5;1;1;5;5;5;4;4;5;5;5;5;5;5;4;4;4;5;5;4;5;5;5;5;1;0,529;6;NA;1,289;0;0;NA;0;0
10430335011;3;2;4;4;3;4;3;2;3;2;3;5;3;3;3;2;3;3;3;3;4;3;4;4;2;2;0,378;4;NA;0,796;0;0;NA;0;0
10425170040;4;4;1;2;3;3;2;2;4;3;3;2;4;3;5;2;4;4;2;2;4;5;5;3;2;4;0,386;2;NA;1,120;0;0;NA;0;0
10425139393;5;5;1;1;4;5;4;2;4;5;5;5;5;5;5;5;5;5;5;5;4;5;5;5;4;2;0,605;11;NA;1,282;1;1;NA;0;0
10425031666;4;4;1;1;4;5;4;1;3;5;5;3;4;4;5;5;5;3;5;5;4;5;4;4;5;1;0,356;3;NA;1,386;0;0;NA;1;0
10424948560;5;4;4;5;4;4;5;1;5;4;4;4;5;4;3;3;4;4;3;4;3;4;5;5;2;2;0,455;3;NA;1,047;0;0;NA;0;0
10424837808;4;4;1;1;NA;1;5;4;4;5;4;3;3;4;5;NA;4;4;5;4;4;4;4;4;5;2;0,414;5;NA;1,239;0;0;NA;0;0
10424796841;4;2;2;2;3;3;3;3;3;3;2;3;3;4;4;2;2;2;2;2;3;2;2;4;4;5;0,469;6;NA;0,881;0;0;NA;0;0
10424794291;5;5;1;1;4;5;5;4;4;4;5;5;5;5;5;3;5;5;5;5;5;5;5;5;5;2;0,604;9;NA;1,231;1;1;NA;0;0
10424762554;3;4;1;4;2;3;3;3;4;4;5;2;3;3;5;2;2;3;2;2;2;2;5;4;5;4;0,392;4;NA;1,156;0;0;NA;0;0
10424747798;4;4;1;2;3;4;4;2;4;4;4;4;3;3;4;4;4;4;4;4;4;3;4;4;4;2;0,576;7;NA;0,860;0;0;NA;0;0
10424696480;4;5;1;2;4;5;4;4;5;5;5;4;4;4;5;4;4;4;4;3;3;4;5;3;4;2;0,426;4;NA;1,033;0;0;NA;0;0
10424691718;5;4;3;2;4;5;4;3;4;4;4;3;4;3;4;4;4;4;4;4;3;3;3;3;3;2;0,480;6;NA;0,758;0;0;NA;0;0
10424623117;5;5;1;1;4;5;4;3;4;5;5;5;5;3;5;4;4;5;5;4;5;4;5;5;5;1;0,434;4;NA;1,306;0;0;NA;0;0
10424618832;3;3;2;1;3;4;4;3;4;3;4;4;5;4;5;4;4;5;4;4;3;3;3;4;4;2;0,477;3;NA;0,948;0;0;NA;0;0
10424571319;4;4;2;2;4;5;4;4;4;5;4;3;4;5;5;4;5;4;4;5;5;4;5;4;4;2;0,469;3;NA;0,916;0;0;NA;0;0
10424478719;4;5;1;2;3;4;3;4;4;3;4;3;4;3;4;4;4;4;4;4;4;5;5;5;5;2;0,580;7;NA;1,002;0;0;NA;0;0
10424293585;2;2;3;2;2;3;4;2;4;2;3;1;5;4;5;2;3;2;2;3;4;4;3;4;4;4;0,415;3;NA;1,076;0;0;NA;0;0
10424256785;3;3;3;2;3;4;4;3;3;3;4;3;3;2;4;2;4;4;4;3;3;2;3;5;2;2;0,387;3;NA;0,816;0;0;NA;0;0
10424155505;3;4;4;4;4;4;4;1;2;1;4;2;2;2;4;3;2;2;3;5;5;4;4;2;4;2;0,377;6;NA;1,177;0;0;NA;0;0
10424128470;2;4;2;3;2;3;4;1;2;3;3;1;1;1;3;4;4;4;3;4;2;2;4;5;5;3;0,336;3;NA;1,211;0;0;NA;0;0
10424096573;3;4;2;3;3;5;4;2;4;5;5;2;4;3;5;4;4;5;5;3;4;3;4;3;2;2;0,302;2;NA;1,065;0;0;NA;0;0
10424008937;4;5;2;2;3;4;3;1;2;4;5;2;3;3;5;2;2;4;3;4;5;4;3;2;2;3;0,423;2;NA;1,156;0;0;NA;0;0
10423973940;3;4;1;1;4;1;1;4;3;3;1;4;3;4;5;2;2;2;2;3;2;3;2;3;4;3;0,443;4;NA;1,158;0;0;NA;0;0
10423971686;5;4;1;1;3;5;5;5;4;4;5;4;3;4;4;5;4;4;5;4;4;5;4;4;4;1;0,455;3;NA;1,211;0;0;NA;0;0
10423872273;4;3;3;2;2;3;3;3;3;2;3;3;4;3;5;2;2;2;3;3;2;3;5;3;2;3;0,465;4;NA;0,845;0;0;NA;0;0
10423866118;4;3;2;2;4;4;2;2;4;3;5;2;3;3;5;5;5;5;2;3;4;3;4;4;4;3;0,381;4;NA;1,067;0;0;NA;0;0
10423860045;4;4;2;1;3;5;5;3;4;5;5;3;3;3;5;4;5;4;4;4;4;4;4;4;2;2;0,439;7;NA;1,087;0;0;NA;0;0
10423856757;4;5;2;2;3;3;4;4;4;3;4;3;3;3;5;3;4;4;4;4;5;4;5;5;5;2;0,367;4;NA;0,962;0;0;NA;0;0
10423856249;3;3;1;1;3;1;4;3;4;4;4;3;4;4;4;3;4;4;3;3;3;3;4;4;4;2;0,404;4;NA;0,981;0;0;NA;0;0
10423853437;2;2;1;1;3;1;3;1;3;2;1;3;3;3;3;2;3;3;2;4;5;3;4;3;5;2;0,385;4;NA;1,134;0;0;NA;0;0
10423815008;4;2;3;4;3;3;2;1;1;2;3;3;5;3;3;5;2;2;2;3;4;3;4;5;5;2;0,356;3;NA;1,183;0;0;NA;0;0
10423797468;3;2;1;1;3;3;3;3;3;4;4;3;3;3;4;3;3;3;3;NA;3;2;2;3;3;2;0,472;5;NA;0,764;0;0;NA;0;0
10423794371;4;2;3;3;1;2;2;2;2;3;1;1;1;1;2;2;2;2;2;4;3;3;4;2;2;2;0,529;5;NA;0,908;0;0;NA;0;0
10423794342;3;3;4;4;2;2;2;4;4;3;2;5;5;5;5;5;2;2;2;2;3;3;5;5;5;4;0,446;5;NA;1,241;0;0;NA;0;0
10423774331;4;3;3;1;3;2;3;3;4;3;4;3;5;4;4;2;3;3;3;4;2;3;5;4;4;3;0,473;3;NA;0,919;0;0;NA;0;0
10423763541;5;4;2;1;4;4;4;3;4;4;4;3;4;4;4;4;4;4;4;4;3;4;4;4;4;2;0,680;8;NA;0,846;1;1;NA;0;0
10423760087;4;4;1;1;3;4;4;3;3;5;5;3;4;3;5;4;4;4;4;4;3;4;4;3;4;2;0,406;5;NA;1,029;0;0;NA;0;0
10423753739;4;4;2;1;3;4;3;1;2;3;4;4;4;4;5;3;3;3;3;3;4;3;4;4;3;3;0,432;5;NA;0,951;0;0;NA;0;0
10423748652;4;5;1;1;4;5;4;4;5;4;5;4;4;4;5;4;4;4;4;5;4;4;4;4;5;1;0,531;4;NA;1,164;0;0;NA;0;0
10423706880;4;4;1;2;4;4;4;4;3;4;4;3;4;3;4;4;4;4;4;4;3;4;4;4;3;2;0,594;6;NA;0,811;0;0;NA;0;0
10423706579;4;2;3;4;NA;3;3;3;3;2;1;2;5;2;4;3;2;2;2;4;2;3;3;3;3;1;0,418;4;NA;0,970;0;0;NA;0;0
10423702098;3;2;4;2;3;2;2;2;3;2;4;3;4;3;4;3;2;2;2;3;2;3;4;4;3;2;0,464;3;NA;0,801;0;0;NA;0;0
10423697982;4;4;4;2;4;4;3;3;4;3;3;3;4;4;4;4;4;3;4;4;2;4;4;4;4;2;0,527;5;NA;0,706;0;0;NA;0;0
10423658194;4;2;4;3;3;5;3;2;3;3;4;3;5;4;3;3;3;2;3;3;4;4;4;4;4;4;0,397;6;NA;0,809;0;0;NA;0;0
10423637378;3;4;1;1;3;4;4;3;4;4;4;4;3;2;5;4;4;4;4;4;3;4;4;3;3;2;0,520;5;NA;0,983;0;0;NA;0;0
10423608419;3;3;3;2;3;5;3;2;2;3;3;2;3;2;4;4;4;4;4;3;4;3;4;2;4;2;0,373;5;NA;0,864;0;0;NA;0;0
10423587809;2;2;2;2;3;3;3;3;3;2;4;2;2;2;4;5;5;5;5;2;2;2;2;2;2;2;0,636;7;NA;1,132;1;0;NA;0;0
10423583923;3;2;3;3;3;4;2;3;1;2;1;1;3;2;3;2;4;2;2;3;2;3;3;3;3;5;0,407;4;NA;0,941;0;0;NA;0;0
10423575217;4;4;2;2;4;5;4;3;4;3;2;4;4;4;3;4;4;4;4;4;4;3;3;4;3;3;0,443;6;NA;0,761;0;0;NA;0;0
10423565839;4;3;3;3;3;4;3;3;4;3;4;3;3;3;4;4;4;4;4;4;4;4;5;5;4;2;0,454;8;NA;0,697;0;1;NA;0;0
10423536149;4;4;1;2;3;4;4;3;4;4;4;5;4;3;4;4;4;4;4;4;2;4;4;3;4;2;0,551;6;NA;0,905;0;0;NA;0;0
10423281364;3;4;1;1;2;4;5;4;4;3;2;3;5;3;5;4;4;4;3;3;4;3;5;4;5;2;0,356;3;NA;1,174;0;0;NA;0;0
10423111789;4;4;2;2;3;5;4;4;4;4;4;3;3;4;4;4;4;4;4;3;3;3;4;4;4;2;0,553;6;NA;0,758;0;0;NA;0;0
10423006901;4;3;2;4;5;5;4;2;3;4;3;3;3;4;5;2;4;4;4;5;4;5;3;4;4;2;0,336;3;NA;0,977;0;0;NA;0;0
10422935886;4;4;2;2;3;3;4;3;3;4;5;5;4;3;4;4;4;4;4;4;3;4;4;3;3;1;0,416;6;NA;0,906;0;0;NA;0;0
10422921381;3;4;1;1;3;4;3;1;3;3;4;3;3;3;4;5;3;5;3;3;5;3;5;2;2;2;0,447;3;NA;1,177;0;0;NA;0;0
10422909745;4;4;1;1;3;3;4;3;3;3;3;3;3;3;4;4;4;4;3;4;3;3;4;4;4;1;0,485;7;NA;0,939;0;0;NA;0;0
10422909165;3;3;4;3;2;2;2;3;3;2;2;5;5;1;4;2;2;2;2;3;2;3;5;4;4;4;0,410;4;NA;1,113;0;0;NA;0;0
10422891013;3;2;4;4;3;4;3;2;2;2;1;1;3;1;3;2;2;2;2;3;2;3;4;2;2;3;0,418;4;NA;0,906;0;0;NA;0;0
10422859444;4;3;1;2;2;3;3;3;3;3;3;3;3;2;4;4;4;3;3;3;3;3;4;4;3;2;0,539;8;NA;0,748;0;1;NA;0;0
10422856478;4;5;1;1;4;4;4;1;1;5;5;2;5;4;5;5;5;5;5;5;5;5;5;5;5;1;0,511;11;NA;1,598;0;1;NA;1;0
10422842906;5;5;1;1;5;5;5;1;5;5;5;5;5;5;5;5;5;5;5;5;5;5;5;5;5;1;0,739;17;NA;1,472;1;1;NA;1;0
10422819225;4;4;3;2;3;4;4;4;4;5;5;4;4;3;5;5;4;3;4;3;2;4;5;2;4;2;0,364;4;NA;0,970;0;0;NA;0;0
10422794986;4;4;1;2;4;5;4;2;3;4;3;4;5;5;5;4;5;4;4;4;2;5;5;2;4;1;0,387;3;NA;1,263;0;0;NA;0;0
10422766782;4;4;1;1;4;4;4;3;5;5;5;4;5;4;5;5;5;5;5;3;5;4;5;5;5;2;0,451;5;NA;1,211;0;0;NA;0;0
10422764322;4;4;1;1;4;4;4;4;4;4;4;4;4;3;5;4;4;4;4;3;4;3;4;5;5;2;0,511;9;NA;1,011;0;1;NA;0;0
10422699355;4;3;3;2;2;3;4;3;3;3;3;5;4;3;5;2;4;5;4;2;2;3;3;4;3;1;0,386;4;NA;1,021;0;0;NA;0;0
10422679302;4;1;5;5;3;5;3;1;3;1;1;1;2;3;3;2;2;2;2;3;4;3;2;5;5;5;0,356;4;NA;1,440;0;0;NA;1;0
10422675198;5;4;2;2;4;5;4;5;5;4;4;5;4;4;4;3;4;5;5;5;5;4;5;4;4;2;0,441;4;NA;0,952;0;0;NA;0;0
10422667703;4;5;1;2;3;3;3;3;4;3;4;3;4;3;5;2;4;2;2;5;3;4;4;4;4;4;0,370;5;NA;1,023;0;0;NA;0;0
10422615677;4;2;1;2;4;4;4;2;3;2;3;4;4;4;4;2;3;4;4;4;2;4;4;4;4;2;0,533;4;NA;0,992;0;0;NA;0;0
10422575082;2;2;1;1;2;4;3;3;3;4;4;1;3;1;5;3;4;5;3;3;3;2;5;3;5;1;0,322;3;NA;1,324;0;0;NA;0;0
10422532419;3;2;3;4;4;4;3;3;4;3;3;2;3;2;3;2;3;3;2;4;3;3;4;4;4;2;0,433;3;NA;0,744;0;0;NA;0;0
10422517857;3;3;2;1;2;3;2;2;3;3;3;4;3;2;4;2;2;2;2;4;3;2;2;2;4;4;0,397;4;NA;0,846;0;0;NA;0;0
10422448486;3;4;1;1;3;4;3;2;4;4;3;3;3;3;4;3;3;4;3;3;3;3;2;4;4;2;0,442;4;NA;0,871;0;0;NA;0;0
10422446509;4;3;2;2;3;5;4;3;4;3;3;2;5;4;5;5;4;4;5;5;3;4;5;2;4;2;0,292;2;NA;1,093;0;0;NA;0;0
10422444590;4;2;3;4;3;4;3;2;3;3;5;3;3;3;2;2;3;3;3;4;2;3;5;5;5;3;0,436;3;NA;0,962;0;0;NA;0;0
10422421075;2;4;2;1;2;3;1;2;2;2;2;1;2;2;4;2;2;2;2;3;3;4;2;2;2;2;0,560;4;NA;0,815;0;0;NA;0;0
10422362799;4;4;1;1;4;5;5;4;4;5;5;5;5;4;5;5;4;5;4;4;5;5;5;3;5;1;0,442;4;NA;1,275;0;0;NA;0;0
10422321374;4;4;2;2;3;4;4;3;4;4;4;3;4;3;5;3;4;4;4;4;3;4;4;4;4;1;0,548;4;NA;0,859;0;0;NA;0;0
10422305764;4;4;2;1;4;5;4;3;3;4;5;5;4;4;5;4;4;4;4;4;4;4;3;2;3;1;0,443;7;NA;1,098;0;0;NA;0;0
10422301370;4;5;1;1;4;4;2;3;4;5;3;3;3;3;5;2;4;4;3;4;2;4;3;4;3;2;0,340;4;NA;1,116;0;0;NA;0;0
10422272853;4;4;3;2;4;4;3;3;4;3;3;5;4;4;4;4;2;3;2;3;3;3;4;4;2;3;0,429;4;NA;0,797;0;0;NA;0;0
10422087345;4;3;2;1;3;3;3;1;3;2;3;3;4;3;4;2;3;2;2;2;2;2;4;3;4;2;0,406;5;NA;0,884;0;0;NA;0;0
10422050936;5;4;1;1;4;5;4;5;4;4;5;5;5;5;5;4;5;5;5;5;5;5;5;5;5;2;0,539;9;NA;1,198;0;1;NA;0;0
10421999764;4;4;3;3;3;4;4;2;4;3;4;4;4;4;5;4;4;4;4;3;4;3;5;4;4;2;0,468;4;NA;0,736;0;0;NA;0;0
10421971563;4;4;2;2;3;4;4;3;4;4;3;3;3;3;5;4;4;4;4;4;4;4;5;4;4;2;0,504;7;NA;0,804;0;0;NA;0;0
10421966697;4;3;4;4;3;3;3;3;4;3;4;2;4;5;3;3;2;2;2;2;2;2;NA;2;2;4;0,472;6;NA;0,913;0;0;NA;0;0
10421869178;4;4;1;2;4;4;4;4;4;5;5;5;5;5;5;5;5;5;5;4;4;5;5;5;5;2;0,679;10;NA;1,079;1;1;NA;0;0
10421729414;5;4;2;2;4;5;4;3;4;5;5;4;5;4;5;5;5;4;5;5;3;4;5;4;4;1;0,473;3;NA;1,093;0;0;NA;0;0
10421632891;3;4;2;1;2;3;3;2;3;3;4;2;4;2;4;4;3;3;3;4;4;3;4;2;2;2;0,381;3;NA;0,891;0;0;NA;0;0
10421623812;4;3;3;3;2;1;2;5;4;2;4;2;5;3;4;3;2;2;5;3;2;3;5;3;5;5;0,372;3;NA;1,218;0;0;NA;0;0
10421622624;4;4;3;4;3;4;3;2;4;3;3;2;3;3;4;3;2;4;3;4;3;3;4;4;4;2;0,438;3;NA;0,724;0;0;NA;0;0
10421563580;2;2;1;1;2;1;5;1;1;2;5;1;5;1;3;2;2;2;2;3;2;2;2;3;3;2;0,458;4;NA;1,210;0;0;NA;0;0
10421556589;4;2;3;3;2;4;3;2;1;3;3;2;4;2;4;2;2;2;2;5;5;5;5;5;4;2;0,509;5;NA;1,243;0;0;NA;0;0
10421542394;4;4;1;1;3;4;3;2;4;3;4;3;4;4;5;3;4;4;4;4;3;4;5;5;4;2;0,438;4;NA;1,068;0;0;NA;0;0
10421535472;2;3;4;4;1;5;4;1;1;3;3;2;4;1;4;2;3;2;3;2;4;2;2;3;5;3;0,373;2;NA;1,201;0;0;NA;0;0
10421513588;2;2;3;4;2;2;2;2;2;2;3;2;2;1;2;2;2;2;2;2;2;2;2;2;2;3;0,690;11;NA;0,543;1;1;NA;0;1
10421477974;5;3;1;2;3;5;4;2;4;3;5;3;3;4;5;4;5;5;5;4;4;3;5;3;5;1;0,357;3;NA;1,258;0;0;NA;0;0
10421475600;2;2;1;4;2;1;3;2;3;3;3;5;3;1;4;NA;4;3;2;5;5;3;3;5;5;3;0,397;3;NA;1,288;0;0;NA;0;0
10421465227;4;5;3;2;5;5;4;5;5;4;4;4;5;5;4;3;4;4;4;5;3;5;4;5;5;1;0,383;3;NA;1,033;0;0;NA;0;0
10421442333;3;2;3;2;2;3;2;1;1;2;4;4;5;2;5;2;2;2;2;5;2;3;2;4;5;5;0,480;4;NA;1,306;0;0;NA;0;0
10421442332;5;4;1;1;4;5;4;5;5;4;4;4;4;4;5;2;4;4;4;4;4;4;4;4;4;2;0,533;9;NA;1,096;0;1;NA;0;0
10421440828;4;4;1;2;4;5;4;3;4;5;5;3;4;3;5;4;5;5;5;5;4;4;4;4;4;1;0,417;5;NA;1,143;0;0;NA;0;0
10421423979;4;3;3;2;3;4;4;4;4;4;4;3;4;3;4;2;4;4;4;3;4;4;4;4;4;2;0,492;6;NA;0,706;0;0;NA;0;0
10421376858;4;4;1;1;3;4;4;4;4;3;5;3;4;3;4;4;4;4;4;4;3;4;4;4;4;2;0,581;6;NA;0,948;0;0;NA;0;0
10421376716;4;4;3;4;4;5;3;2;4;3;3;5;5;5;5;4;3;2;4;3;2;4;4;4;5;1;0,424;4;NA;1,093;0;0;NA;0;0
10421374841;4;5;1;1;3;4;4;3;3;4;4;3;4;3;5;4;4;4;4;3;3;3;4;3;3;2;0,401;4;NA;0,983;0;0;NA;0;0
10421371676;4;4;1;2;4;4;4;1;2;4;5;4;3;3;4;4;4;4;4;3;3;3;4;2;2;2;0,486;5;NA;1,070;0;0;NA;0;0
10421357178;2;2;4;2;3;5;3;4;3;2;1;3;4;3;2;2;2;2;2;4;2;4;5;5;5;2;0,388;5;NA;1,200;0;0;NA;0;0
10421347809;4;4;2;2;4;4;5;4;4;4;5;4;4;4;5;3;4;4;4;4;4;4;4;4;4;2;0,587;9;NA;0,784;0;1;NA;0;0
10421337228;4;NA;4;NA;NA;5;NA;2;NA;3;NA;3;NA;3;3;4;NA;4;NA;NA;3;NA;4;NA;2;2;0,481;2;NA;0,914;0;0;NA;0;0
10421336316;5;NA;1;1;4;4;4;3;4;4;5;3;4;4;4;4;4;4;5;5;5;5;5;4;4;1;0,536;6;NA;1,214;0;0;NA;0;0
10421323593;4;5;1;2;4;5;5;4;5;4;5;3;4;4;5;5;5;5;5;5;5;4;5;4;4;2;0,508;7;NA;1,096;0;0;NA;0;0
10421273825;4;5;1;1;4;5;4;3;4;4;4;5;5;4;5;4;4;5;4;4;4;3;4;4;4;2;0,451;3;NA;1,084;0;0;NA;0;0
10421269383;3;4;1;2;4;5;4;3;4;4;4;3;4;4;5;4;4;4;4;4;4;4;5;4;4;2;0,591;7;NA;0,919;0;0;NA;0;0
10421265172;4;4;1;2;4;5;5;5;4;5;5;3;5;5;3;5;5;5;5;5;4;5;4;2;5;2;0,463;5;NA;1,211;0;0;NA;0;0
10421220186;5;4;2;1;4;5;5;4;4;5;4;5;4;5;5;5;4;4;5;4;5;4;5;5;5;2;0,527;3;NA;1,070;0;0;NA;0;0
10421196630;5;4;2;1;4;4;3;4;4;4;3;5;4;3;4;3;4;4;4;4;4;3;4;4;4;2;0,571;5;NA;0,898;0;0;NA;0;0
10421049798;5;5;2;2;5;5;4;3;5;4;5;4;4;5;5;4;5;5;5;5;5;5;5;3;5;1;0,458;7;NA;1,151;0;0;NA;0;0
10421034497;2;2;3;2;2;3;2;1;2;2;1;2;4;4;1;2;2;2;2;3;3;5;2;2;2;3;0,487;4;NA;0,936;0;0;NA;0;0
10421026411;NA;3;4;3;1;4;2;4;3;3;2;1;3;1;5;4;2;3;3;2;5;3;2;2;2;3;0,353;3;NA;1,118;0;0;NA;0;0
10421012620;3;3;3;3;3;3;3;3;3;2;3;1;3;3;3;3;3;2;2;2;2;2;3;2;2;4;0,575;9;NA;0,629;0;1;NA;0;1
10420993887;5;2;2;4;3;4;3;3;4;4;2;3;5;3;5;2;4;3;3;5;3;5;5;5;5;1;0,358;4;NA;1,206;0;0;NA;0;0
10420991138;4;4;2;1;4;4;4;3;4;5;5;3;4;4;5;5;5;5;5;4;4;4;5;3;4;2;0,517;5;NA;1,055;0;0;NA;0;0
10420974813;4;2;2;1;3;4;3;2;4;3;4;3;4;4;4;2;3;3;3;5;4;4;4;2;4;3;0,371;3;NA;0,951;0;0;NA;0;0
10420973917;4;4;2;1;4;4;3;2;4;4;3;3;3;4;4;3;4;4;4;4;5;5;4;3;3;2;0,423;4;NA;0,948;0;0;NA;0;0
10420964126;2;2;1;3;1;1;3;1;1;2;2;1;4;4;4;2;2;2;2;2;2;2;2;2;2;5;0,573;10;NA;1,059;0;1;NA;0;0
10420960380;5;3;1;2;3;4;5;4;4;5;5;4;2;3;5;2;4;4;3;2;3;2;5;5;5;1;0,331;3;NA;1,334;0;0;NA;0;0
10420954976;2;2;2;2;2;3;4;2;1;2;3;2;3;2;4;3;4;4;3;2;2;2;2;4;3;3;0,415;5;NA;0,852;0;0;NA;0;0
10420954641;4;4;2;2;4;4;4;4;4;4;4;3;4;4;4;5;4;3;NA;NA;NA;NA;NA;NA;NA;3;0,599;7;NA;0,749;0;0;NA;0;0
10420951804;4;4;1;1;3;5;3;4;2;3;3;3;3;2;4;5;3;3;4;3;3;3;3;2;2;2;0,413;4;NA;1,020;0;0;NA;0;0
10420950824;4;3;2;2;3;4;2;3;4;3;3;3;3;3;4;4;4;3;3;4;4;4;4;4;4;2;0,441;6;NA;0,736;0;0;NA;0;0
10420940231;4;3;4;3;4;4;3;3;4;3;3;3;3;3;3;3;3;3;4;4;4;4;4;4;3;3;0,553;9;NA;0,504;0;1;NA;0;1
10420932039;5;4;2;1;4;5;5;2;5;5;5;5;5;5;5;4;4;5;4;5;4;5;5;5;5;1;0,495;7;NA;1,275;0;0;NA;0;0
10420930364;4;3;2;1;3;4;3;3;4;3;4;3;4;3;4;4;4;4;4;3;3;3;4;4;4;2;0,489;5;NA;0,797;0;0;NA;0;0
10420928702;5;3;2;1;4;5;3;3;4;3;4;4;4;4;5;2;3;4;4;4;5;4;5;4;5;1;0,420;4;NA;1,164;0;0;NA;0;0
10420894683;4;4;1;2;5;5;3;4;5;3;5;3;5;5;5;4;4;4;4;5;5;4;5;5;5;2;0,443;4;NA;1,129;0;0;NA;0;0
10420887555;3;3;1;1;3;4;4;3;3;4;4;3;3;3;4;3;4;4;4;4;4;4;4;4;4;2;0,501;9;NA;0,892;0;1;NA;0;0
10420884438;4;4;2;2;3;5;4;3;2;5;5;3;3;3;4;4;4;4;5;5;5;4;5;4;2;2;0,336;4;NA;1,087;0;0;NA;0;0
10420876526;4;4;1;2;3;4;4;3;4;4;4;4;4;3;4;4;4;4;4;4;2;4;3;4;4;1;0,591;6;NA;0,948;0;0;NA;0;0
10420871361;3;2;4;3;3;3;3;3;3;3;3;3;3;3;3;2;4;4;3;4;2;3;3;3;3;2;0,584;12;NA;0,566;0;1;NA;0;1
10420857974;4;4;1;1;3;5;2;2;3;2;2;3;4;2;4;2;3;2;2;2;2;4;2;4;3;3;0,372;4;NA;1,041;0;0;NA;0;0
10420849527;2;4;1;2;2;3;3;3;3;5;4;2;3;2;5;4;4;4;3;3;2;3;3;4;3;2;0,411;4;NA;0,999;0;0;NA;0;0
10420840463;4;2;2;1;3;4;3;3;5;5;4;4;4;3;5;2;4;4;4;3;2;3;4;4;5;1;0,331;3;NA;1,169;0;0;NA;0;0
10420831921;4;4;1;1;4;4;3;3;2;4;4;1;4;3;5;3;4;4;4;4;3;3;3;3;3;4;0,463;5;NA;1,041;0;0;NA;0;0
10420827626;5;3;1;1;3;2;3;5;4;2;3;3;4;3;5;4;3;3;4;3;2;3;4;3;5;5;0,454;2;NA;1,158;0;0;NA;0;0
10420813747;4;4;1;1;4;4;4;4;5;4;3;2;4;3;5;5;5;5;4;5;3;5;5;2;3;1;0,361;4;NA;1,325;0;0;NA;0;0
10420813561;5;5;2;1;5;5;5;5;4;5;5;5;5;4;5;4;5;5;5;5;5;5;4;5;4;1;0,594;6;NA;1,203;0;0;NA;0;0
10420783140;4;4;3;2;4;5;4;4;4;4;4;3;4;4;4;4;4;4;4;4;4;4;4;4;4;2;0,682;13;NA;0,634;1;1;NA;0;1
10420777772;4;4;2;1;4;5;5;4;3;5;5;5;5;3;5;4;5;5;5;5;3;4;4;5;5;1;0,457;4;NA;1,230;0;0;NA;0;0
10420774772;5;4;3;2;4;5;4;3;5;4;5;5;4;4;5;4;4;4;4;4;4;4;5;5;5;1;0,448;7;NA;0,977;0;0;NA;0;0
10420757804;4;3;3;3;3;1;2;2;4;2;3;4;3;3;4;3;2;3;3;2;3;3;4;4;4;4;0,403;4;NA;0,824;0;0;NA;0;0
10420749678;3;3;3;3;2;3;4;2;2;3;3;1;3;1;4;3;3;5;3;2;4;3;4;2;2;2;0,380;4;NA;0,939;0;0;NA;0;0
10420739717;4;5;1;1;4;5;5;4;2;5;5;3;4;4;5;4;4;4;3;4;4;4;3;3;2;1;0,348;3;NA;1,270;0;0;NA;0;0
10420735327;2;3;3;2;2;4;3;4;3;4;4;2;2;1;4;4;4;4;4;3;2;3;3;4;2;2;0,375;5;NA;0,938;0;0;NA;0;0
10420728368;5;3;1;1;4;4;4;2;4;4;5;4;4;3;4;4;4;4;4;4;4;4;4;3;4;2;0,547;9;NA;1,027;0;1;NA;0;0
10420728104;4;4;2;2;3;4;4;2;3;3;4;3;4;3;5;3;4;4;4;3;2;3;4;3;4;2;0,462;3;NA;0,838;0;0;NA;0;0
10420685692;4;4;1;3;4;4;4;3;3;4;4;4;4;3;5;2;4;4;5;4;3;3;4;4;5;2;0,463;4;NA;0,941;0;0;NA;0;0
10420667420;NA;4;2;3;2;4;3;2;2;4;3;3;4;2;2;5;4;2;4;4;2;4;5;4;5;2;0,388;2;NA;1,091;0;0;NA;0;0
10420664826;2;2;4;5;2;2;2;1;4;2;3;1;4;3;5;2;2;2;2;3;2;5;5;4;4;5;0,392;4;NA;1,327;0;0;NA;0;0
10420663644;4;4;2;2;3;3;4;2;3;3;2;1;4;3;5;5;4;5;5;5;3;5;4;4;4;2;0,360;3;NA;1,175;0;0;NA;0;0
10420662173;5;4;1;1;4;4;3;3;4;5;5;5;5;3;5;4;4;5;5;5;4;5;5;4;4;2;0,366;4;NA;1,200;0;0;NA;0;0
10420654107;5;4;1;1;3;4;4;5;5;5;5;5;5;5;5;4;5;5;4;4;3;3;5;5;5;2;0,461;8;NA;1,243;0;1;NA;0;0
10420643305;5;5;2;2;4;5;4;3;4;5;3;4;3;4;5;5;4;4;4;4;3;3;5;5;5;2;0,359;4;NA;1,017;0;0;NA;0;0
10420617699;4;4;2;3;4;5;5;3;3;3;4;2;5;4;2;5;4;4;4;5;4;4;5;4;3;1;0,386;3;NA;1,087;0;0;NA;0;0
10420603680;4;4;1;1;3;2;4;2;4;5;3;4;2;5;5;4;3;2;3;3;4;3;5;3;4;4;0,316;2;NA;1,164;0;0;NA;0;0
10420602223;4;5;1;1;5;5;4;4;1;5;5;1;5;5;5;5;5;5;5;5;5;5;5;5;5;2;0,589;13;NA;1,515;0;1;NA;1;0
10420578633;4;4;1;2;3;4;4;2;3;4;2;2;4;3;5;5;4;4;3;3;5;4;4;4;3;1;0,375;3;NA;1,129;0;0;NA;0;0
10420565744;4;4;3;2;4;5;4;3;3;4;5;3;4;4;5;3;4;4;4;4;3;4;4;3;4;2;0,438;4;NA;0,788;0;0;NA;0;0
10420565359;4;3;3;4;4;5;3;2;3;3;4;3;3;3;3;3;3;3;5;4;3;4;3;3;3;1;0,480;7;NA;0,827;0;0;NA;0;0
10420563860;4;4;2;2;4;5;4;4;4;4;4;NA;4;4;4;3;4;4;4;4;3;4;5;4;4;2;0,538;5;NA;0,779;0;0;NA;0;0
10420563459;4;4;1;2;4;5;4;2;4;4;5;3;4;2;5;4;4;4;4;4;4;4;4;4;4;1;0,526;10;NA;1,098;0;1;NA;0;0
10420552200;4;4;1;2;5;5;5;1;5;5;5;5;5;5;5;5;5;5;5;5;5;5;4;4;4;2;0,702;14;NA;1,282;1;1;NA;0;0
10420529386;4;3;1;3;4;4;4;2;4;5;5;3;5;4;5;3;4;4;4;4;4;4;4;2;4;2;0,463;7;NA;1,018;0;0;NA;0;0
10420525979;2;3;2;4;2;2;1;3;4;2;3;3;4;4;5;4;2;2;2;3;2;3;4;3;4;4;0,406;3;NA;0,999;0;0;NA;0;0
10420515213;5;5;3;3;4;4;4;3;4;5;4;4;3;4;4;4;4;4;4;3;5;4;4;3;4;1;0,444;6;NA;0,849;0;0;NA;0;0
10420512985;4;4;2;2;2;4;4;2;4;3;4;5;4;4;5;3;4;3;4;4;3;4;4;4;5;2;0,446;3;NA;0,945;0;0;NA;0;0
10420509995;4;4;2;2;3;3;4;4;2;3;3;4;3;3;4;3;3;3;4;3;3;3;3;4;4;2;0,461;4;NA;0,694;0;0;NA;0;0
10420488350;4;4;1;1;3;3;4;4;4;4;5;5;4;3;5;5;4;5;3;2;5;2;4;5;4;2;0,318;4;NA;1,231;0;0;NA;0;0
10420485486;4;4;2;2;4;5;3;4;3;3;4;3;3;4;4;4;3;3;3;4;4;4;5;5;5;1;0,402;3;NA;0,987;0;0;NA;0;0
10420472068;5;5;1;1;4;4;5;4;5;5;5;5;5;5;5;5;5;5;5;4;5;4;5;5;5;1;0,580;11;NA;1,294;0;1;NA;0;0
10420469728;4;2;3;3;2;3;2;2;3;1;2;1;4;1;5;2;2;2;2;3;2;3;3;2;4;4;0,396;4;NA;1,027;0;0;NA;0;0
10420468029;4;4;2;2;3;5;5;4;4;3;5;3;3;2;4;4;4;3;3;3;3;3;4;2;3;3;0,388;5;NA;0,898;0;0;NA;0;0
10420463039;4;4;2;4;3;4;2;3;3;3;2;3;3;3;3;2;2;3;3;3;2;2;3;4;3;4;0,398;4;NA;0,720;0;0;NA;0;0
10420460467;4;4;3;2;3;3;4;2;4;4;3;3;3;3;4;5;4;4;4;3;2;3;3;4;4;2;0,400;4;NA;0,797;0;0;NA;0;0
10420457209;4;4;2;1;4;4;5;3;3;4;4;4;4;5;4;4;4;4;4;4;4;4;5;5;5;2;0,561;8;NA;0,967;0;1;NA;0;0
10420439191;4;4;1;1;3;3;2;4;4;5;3;5;5;4;5;3;5;5;4;4;4;4;4;4;4;1;0,460;7;NA;1,231;0;0;NA;0;0
10420435510;4;4;1;1;3;4;3;2;3;3;3;4;4;4;5;2;3;3;3;3;3;3;4;4;5;2;0,525;6;NA;1,021;0;0;NA;0;0
10420430554;5;4;2;2;4;4;4;4;4;4;4;5;5;4;5;4;4;4;4;5;3;5;5;5;5;3;0,489;7;NA;0,864;0;0;NA;0;0
10420420103;5;5;1;2;5;5;4;3;4;5;5;3;4;5;5;4;5;4;5;5;2;5;5;4;5;2;0,539;2;NA;1,211;0;0;NA;0;0
10420416996;2;4;2;4;2;2;3;3;3;3;3;4;4;3;5;4;4;4;4;3;3;3;3;4;4;2;0,468;5;NA;0,827;0;0;NA;0;0
10420408807;4;4;2;1;3;4;3;4;1;3;4;4;2;4;4;4;2;2;2;2;3;4;4;3;2;2;0,466;4;NA;1,038;0;0;NA;0;0
10420408070;4;5;2;1;5;4;4;4;2;4;4;4;3;3;4;3;4;4;5;4;4;2;4;2;4;2;0,445;3;NA;1,068;0;0;NA;0;0
10420406686;2;2;3;4;2;1;2;2;2;2;2;5;4;2;5;5;2;2;5;5;5;5;3;4;2;5;0,529;5;NA;1,415;0;0;NA;1;0
10420395353;4;3;3;3;3;3;3;1;3;3;3;2;4;3;3;3;4;4;3;3;2;3;4;2;4;2;0,491;6;NA;0,748;0;0;NA;0;0
10420390276;4;4;1;1;5;5;4;3;3;4;4;3;5;2;5;4;4;4;4;3;3;2;5;3;3;1;0,406;4;NA;1,238;0;0;NA;0;0
10420388101;4;4;2;3;3;3;5;3;4;3;4;4;4;4;4;4;4;4;4;4;4;4;5;4;4;2;0,564;12;NA;0,724;0;1;NA;0;0
10420374547;3;3;2;2;4;4;4;3;3;4;4;4;3;4;4;2;4;4;4;4;4;4;4;4;3;2;0,532;8;NA;0,761;0;1;NA;0;0
10420353466;4;4;1;1;4;4;4;2;3;4;5;5;4;4;5;4;4;4;3;4;4;3;4;4;5;2;0,471;3;NA;1,093;0;0;NA;0;0
10420344979;2;3;2;2;2;5;4;2;3;3;4;3;4;3;4;2;2;2;3;2;3;3;2;2;4;1;0,378;3;NA;0,951;0;0;NA;0;0
10420343577;5;5;1;1;5;5;5;4;5;5;5;4;4;5;5;5;5;5;5;4;2;4;5;4;3;1;0,512;6;NA;1,366;0;0;NA;1;0
10420341497;1;4;1;4;2;1;3;4;4;3;4;2;2;1;4;2;5;5;5;5;5;5;4;5;3;4;0,509;6;NA;1,444;0;0;NA;1;0
10420340685;4;3;3;2;3;3;4;3;3;3;2;1;1;2;3;3;3;3;3;3;3;3;3;2;2;3;0,593;9;NA;0,724;0;1;NA;0;0
10420326299;4;4;1;4;3;2;5;2;3;3;5;5;3;3;3;2;3;4;4;3;4;4;4;5;3;2;0,379;3;NA;1,061;0;0;NA;0;0
10420324375;4;3;2;4;3;4;4;3;3;3;4;2;5;3;4;3;4;3;4;5;5;4;4;2;4;2;0,398;3;NA;0,906;0;0;NA;0;0
10420321925;4;NA;2;2;4;4;3;4;4;4;4;4;4;4;5;4;4;4;4;4;3;4;4;4;4;2;0,627;7;NA;0,737;1;0;NA;0;0
10420318200;5;4;3;2;4;4;4;4;4;3;4;5;4;3;5;3;4;4;3;3;3;3;5;4;5;2;0,382;5;NA;0,874;0;0;NA;0;0
10420317136;4;4;1;1;3;5;5;4;5;5;5;4;5;5;5;3;5;5;5;4;4;4;4;3;3;2;0,425;4;NA;1,216;0;0;NA;0;0
10420313048;4;3;3;3;3;3;3;3;4;4;3;3;3;3;4;3;3;3;3;3;3;3;3;3;3;2;0,727;10;NA;0,431;1;1;NA;0;1
10420311869;4;4;3;2;3;5;3;2;2;3;2;3;3;2;4;4;4;4;4;4;5;4;5;3;3;2;0,487;6;NA;0,977;0;0;NA;0;0
10420304841;4;3;2;1;3;2;3;3;4;3;3;4;4;4;3;3;3;2;3;4;3;3;4;4;3;3;0,464;3;NA;0,766;0;0;NA;0;0
10420304296;5;4;1;2;4;4;3;4;4;4;5;5;1;4;5;2;5;5;5;5;5;5;5;5;5;2;0,473;9;NA;1,327;0;1;NA;0;0
10420292249;5;5;1;1;5;5;5;2;4;5;5;4;5;5;3;2;5;5;5;5;5;5;5;3;3;1;0,520;7;NA;1,470;0;0;NA;1;0
10420289331;3;2;1;3;1;5;3;2;3;3;5;5;5;3;5;2;4;4;3;3;4;3;3;2;2;3;0,331;3;NA;1,190;0;0;NA;0;0
10420288878;3;4;1;3;3;3;4;3;3;4;4;4;4;3;4;3;3;3;4;NA;3;NA;3;4;3;2;0,434;4;NA;0,737;0;0;NA;0;0
10420287792;4;4;1;1;3;5;5;3;3;4;4;2;5;3;5;4;5;5;5;5;5;4;3;4;5;1;0,351;5;NA;1,336;0;0;NA;1;0
10420284773;3;4;1;1;1;1;4;2;2;4;4;5;4;3;5;4;4;4;4;4;5;5;4;3;2;1;0,407;5;NA;1,394;0;0;NA;1;0
10420280094;5;5;1;1;4;4;4;3;4;3;3;3;4;3;4;3;4;4;4;4;3;4;5;5;4;1;0,439;4;NA;1,140;0;0;NA;0;0
10420278495;4;5;2;3;3;5;4;3;4;4;4;3;4;4;4;4;4;4;4;4;4;4;4;4;4;1;0,589;13;NA;0,827;0;1;NA;0;0
10420273959;4;4;2;1;3;4;4;4;3;4;5;3;4;3;5;3;4;4;3;3;3;3;3;4;4;2;0,470;5;NA;0,902;0;0;NA;0;0
10420273930;2;1;2;4;3;4;3;3;4;2;2;2;3;3;2;2;2;2;2;3;2;3;5;4;3;3;0,441;5;NA;0,919;0;0;NA;0;0
10420247352;4;5;2;2;4;5;3;4;4;3;4;3;5;3;5;2;2;2;4;2;2;3;2;2;5;3;0,380;3;NA;1,151;0;0;NA;0;0
10420242384;4;4;2;2;3;3;2;1;4;2;3;4;5;4;4;3;5;5;2;3;5;2;3;4;3;3;0,369;2;NA;1,116;0;0;NA;0;0
10420234017;3;2;2;1;3;3;3;1;3;4;4;4;3;3;4;3;4;2;3;3;2;3;5;4;3;2;0,393;3;NA;0,958;0;0;NA;0;0
10420232674;4;4;3;2;4;4;4;4;4;4;4;4;4;4;4;3;4;4;4;4;3;4;4;4;4;2;0,676;11;NA;0,604;1;1;NA;0;1
10420232294;NA;4;3;2;4;5;5;2;4;4;4;3;5;4;5;4;4;4;4;4;4;4;4;4;4;2;0,545;10;NA;0,850;0;1;NA;0;0
10420232236;4;4;2;NA;3;4;5;2;4;5;5;5;5;5;5;4;4;4;4;4;4;4;4;3;3;2;0,508;8;NA;0,954;0;1;NA;0;0
10420229154;3;2;2;3;2;2;2;2;3;2;1;1;2;2;4;2;3;3;2;2;2;2;3;2;2;5;0,503;4;NA;0,846;0;0;NA;0;0
10420225342;4;4;2;2;3;4;5;4;4;3;5;4;3;3;5;3;4;4;4;4;4;4;4;4;4;2;0,469;9;NA;0,838;0;1;NA;0;0
10420224259;3;2;3;3;2;4;4;3;3;3;3;3;4;3;3;NA;4;3;2;3;3;2;5;3;3;3;0,504;5;NA;0,702;0;0;NA;0;0
10420216758;4;NA;1;2;3;4;4;3;4;4;4;3;4;3;4;3;4;4;4;4;4;4;4;4;4;2;0,647;9;NA;0,823;1;1;NA;0;0
10420215672;3;2;4;4;3;3;2;2;2;2;2;2;2;3;2;2;3;2;2;3;3;3;3;2;2;5;0,485;7;NA;0,804;0;0;NA;0;0
10420213369;4;2;3;3;3;4;4;3;5;4;4;3;4;4;4;2;4;4;4;3;3;2;5;4;3;3;0,417;3;NA;0,812;0;0;NA;0;0
10420213131;5;5;1;1;4;5;5;4;4;5;5;5;5;3;5;5;5;5;4;5;4;4;4;4;4;2;0,466;5;NA;1,190;0;0;NA;0;0
10420212381;3;3;1;2;3;5;4;3;3;3;2;2;4;2;5;3;3;3;3;2;4;2;5;5;5;2;0,397;4;NA;1,156;0;0;NA;0;0
10420208639;3;3;4;3;2;4;4;2;3;4;4;1;4;2;3;5;2;2;3;5;3;5;3;2;2;2;0,372;3;NA;1,093;0;0;NA;0;0
10420208058;4;4;2;1;4;5;4;2;3;4;5;4;4;4;4;5;4;4;5;4;4;4;4;4;4;2;0,574;6;NA;0,992;0;0;NA;0;0
10420208013;NA;5;1;1;4;4;5;4;5;5;5;5;5;5;5;4;5;4;5;4;5;4;5;5;5;1;0,539;7;NA;1,300;0;0;NA;0;0
10420207479;4;4;1;1;4;4;4;4;4;4;4;4;4;4;4;3;4;4;4;5;4;3;4;4;4;1;0,628;11;NA;1,023;1;1;NA;0;0
10420206323;4;4;2;4;3;4;4;3;2;3;4;2;3;2;4;3;4;4;4;5;4;5;4;3;3;3;0,390;3;NA;0,859;0;0;NA;0;0
10420205154;4;4;1;2;4;5;4;4;3;3;3;2;5;3;4;2;2;2;2;4;4;4;5;4;4;2;0,387;4;NA;1,123;0;0;NA;0;0
10420203860;4;4;1;1;4;5;4;3;4;4;4;3;4;3;5;4;4;4;4;4;3;4;4;4;4;1;0,505;5;NA;1,065;0;0;NA;0;0
10420201051;3;3;1;2;3;4;4;3;2;3;3;3;4;3;4;3;4;4;4;3;3;2;4;2;4;2;0,383;3;NA;0,845;0;0;NA;0;0
10420195397;4;2;2;3;3;4;4;3;4;4;2;3;4;2;4;4;4;4;3;4;2;3;3;2;4;2;0,393;4;NA;0,849;0;0;NA;0;0
10420192665;4;4;1;1;4;4;4;3;5;3;4;5;4;4;5;4;4;4;4;4;3;4;5;5;5;2;0,396;5;NA;1,096;0;0;NA;0;0
10420186342;4;4;2;2;4;4;4;3;4;4;4;4;4;4;4;4;4;4;4;4;4;4;5;4;4;1;0,678;14;NA;0,827;1;1;NA;0;0
10420183418;3;1;2;4;2;1;2;1;2;2;2;3;3;3;2;5;2;2;5;5;2;2;5;5;5;5;0,466;4;NA;1,440;0;0;NA;1;0
10420181218;3;4;4;3;4;4;4;4;4;2;4;2;4;3;5;3;3;3;4;5;3;5;5;2;5;1;0,356;5;NA;1,065;0;0;NA;0;0
10420181095;4;4;1;1;4;5;4;3;4;4;5;3;4;4;5;5;5;5;5;5;2;4;5;4;3;2;0,404;6;NA;1,223;0;0;NA;0;0
10420175883;3;3;1;1;3;5;4;3;3;3;3;2;4;1;4;4;4;4;3;4;3;3;5;5;3;3;0,385;4;NA;1,107;0;0;NA;0;0
10420175490;4;4;1;1;4;5;4;4;3;5;5;5;3;4;5;5;4;4;4;3;5;4;2;5;4;2;0,382;3;NA;1,201;0;0;NA;0;0
10420174580;4;5;1;1;4;4;4;4;4;4;4;5;4;4;4;3;4;4;4;5;4;4;5;5;4;2;0,495;7;NA;1,047;0;0;NA;0;0
10420173065;4;4;1;1;3;3;3;3;3;3;3;2;4;3;5;3;3;3;2;4;3;3;5;5;4;2;0,490;7;NA;1,047;0;0;NA;0;0
10420170331;4;4;1;2;2;4;1;1;3;5;4;3;4;4;4;2;4;3;4;4;3;4;5;2;4;2;0,393;3;NA;1,201;0;0;NA;0;0
10420169538;4;3;1;4;3;3;2;3;4;3;2;3;4;3;4;2;2;2;2;3;2;4;4;4;4;2;0,377;4;NA;0,916;0;0;NA;0;0
10420163067;2;3;1;1;2;5;4;3;4;3;3;2;4;2;5;2;4;4;2;4;3;5;5;4;2;2;0,334;2;NA;1,243;0;0;NA;0;0
10420162393;3;3;2;2;3;3;3;3;3;3;3;3;3;3;5;4;3;4;4;4;4;4;4;4;4;2;0,624;10;NA;0,736;1;1;NA;0;0
10420162146;4;4;4;1;3;3;3;2;3;3;4;3;4;3;4;2;2;4;2;4;3;2;5;2;5;4;0,347;3;NA;1,021;0;0;NA;0;0
10420158787;4;4;2;1;4;4;3;3;3;4;3;3;4;3;5;4;4;4;4;4;5;3;5;4;4;2;0,438;5;NA;0,945;0;0;NA;0;0
10420151404;4;4;1;1;4;5;4;3;5;4;5;5;5;4;5;5;5;5;5;5;5;4;5;5;5;2;0,501;7;NA;1,210;0;0;NA;0;0
10420151270;2;3;3;2;2;4;4;1;2;3;4;3;3;2;4;3;4;4;4;4;2;4;3;3;2;5;0,356;4;NA;0,977;0;0;NA;0;0
10420151140;4;4;1;2;4;4;5;4;4;5;5;5;5;5;5;5;5;5;4;4;4;4;4;5;5;1;0,581;9;NA;1,156;0;1;NA;0;0
10420147005;4;4;1;1;3;4;4;2;4;4;4;3;4;3;5;4;4;4;4;4;4;4;4;4;4;2;0,582;10;NA;0,989;0;1;NA;0;0
10420146451;4;4;2;2;4;4;4;3;3;4;4;4;4;4;5;5;5;5;4;4;4;4;4;4;4;2;0,592;7;NA;0,834;0;0;NA;0;0
10420144900;4;4;2;2;3;4;4;4;3;4;4;3;4;3;4;3;4;4;4;4;4;4;4;3;4;1;0,579;7;NA;0,812;0;0;NA;0;0
10420141732;4;4;2;1;2;3;4;2;3;3;4;2;4;2;5;3;4;4;4;3;2;3;4;3;4;2;0,466;3;NA;0,993;0;0;NA;0;0
10420141154;5;4;1;2;3;4;4;5;5;3;2;5;5;5;4;3;4;4;4;3;3;3;5;5;5;2;0,370;3;NA;1,177;0;0;NA;0;0
10420141134;4;4;2;2;4;5;4;4;4;4;5;5;4;5;5;5;5;5;5;5;5;5;5;5;5;1;0,567;12;NA;1,087;0;1;NA;0;0
10420139883;4;4;1;1;4;5;4;4;4;5;5;2;4;4;5;4;4;5;4;4;4;4;4;4;4;2;0,495;7;NA;1,096;0;0;NA;0;0
10420137066;4;4;2;2;4;5;4;4;3;4;4;5;5;3;5;3;4;4;3;2;4;4;5;4;5;2;0,347;2;NA;0,992;0;0;NA;0;0
10420136404;5;4;2;2;4;4;4;4;4;4;4;4;4;4;5;5;4;4;4;4;4;4;4;4;4;1;0,691;10;NA;0,881;1;1;NA;0;0
10420130585;3;4;2;3;3;3;4;2;2;4;4;3;3;3;3;3;4;3;4;NA;NA;4;3;3;2;2;0,406;5;NA;0,717;0;0;NA;0;0
10420130298;2;2;2;4;1;2;3;2;3;3;3;2;3;1;4;2;3;2;2;4;2;3;4;2;3;2;0,428;3;NA;0,859;0;0;NA;0;0
10420128488;3;3;3;3;3;4;3;4;3;3;3;2;3;2;4;4;3;3;3;3;4;2;5;2;4;3;0,489;5;NA;0,732;0;0;NA;0;0
10420128406;1;4;2;2;3;2;4;1;4;4;5;3;4;3;5;5;4;4;4;2;4;4;4;5;2;2;0,359;3;NA;1,231;0;0;NA;0;0
10420120006;5;4;4;3;4;4;3;3;5;3;5;3;4;4;3;2;2;2;4;4;2;4;5;2;3;3;0,326;3;NA;0,989;0;0;NA;0;0
10420117939;3;3;2;2;3;4;4;2;5;4;5;2;2;1;4;4;4;4;4;3;3;2;4;3;4;1;0,341;5;NA;1,120;0;0;NA;0;0
10420116258;4;4;1;1;3;4;4;4;4;4;4;4;4;4;4;4;4;4;4;4;4;4;4;4;4;1;0,815;20;NA;0,983;1;1;NA;0;0
10420115812;4;4;4;3;4;NA;NA;NA;4;5;5;3;4;2;4;5;5;5;5;5;5;5;5;5;5;1;0,590;10;NA;1,085;0;1;NA;0;0
10420113694;5;5;1;1;3;4;4;3;4;4;4;4;4;3;5;4;4;4;4;4;4;4;4;4;4;1;0,620;10;NA;1,093;1;1;NA;0;0
10420108760;4;5;1;2;4;4;4;3;5;5;5;5;5;5;5;3;5;5;5;5;5;4;4;4;4;2;0,617;7;NA;1,120;1;0;NA;0;0
10420108206;4;4;2;2;4;4;4;4;4;4;4;3;3;3;4;4;4;4;4;4;4;4;4;4;4;2;0,695;11;NA;0,689;1;1;NA;0;0
10420105068;4;3;1;1;4;4;4;4;4;3;3;5;3;2;5;3;4;4;4;2;2;2;4;4;4;2;0,460;5;NA;1,116;0;0;NA;0;0
10420104596;4;4;3;2;3;4;2;2;4;4;2;3;4;2;5;4;5;5;5;3;4;2;2;5;5;2;0,364;3;NA;1,174;0;0;NA;0;0
10420104526;4;3;3;4;4;5;5;4;5;3;3;4;4;NA;5;5;4;4;5;4;4;4;5;5;5;2;0,396;3;NA;0,833;0;0;NA;0;0
10420104313;3;4;1;1;4;4;4;4;4;4;5;3;4;4;5;4;4;4;4;4;3;4;3;4;4;1;0,553;6;NA;1,065;0;0;NA;0;0
10420097137;2;1;4;4;1;2;3;1;2;2;3;2;4;2;5;3;2;2;3;4;4;4;3;4;3;2;0,366;3;NA;1,107;0;0;NA;0;0
10420095529;3;3;3;4;3;3;4;2;3;3;4;2;5;2;5;3;5;5;3;3;2;3;2;3;5;1;0,367;3;NA;1,107;0;0;NA;0;0
10420094665;4;4;3;1;3;5;5;5;5;3;4;3;4;4;5;2;4;5;4;4;2;4;5;3;3;2;0,361;4;NA;1,123;0;0;NA;0;0
10420092771;4;4;1;1;3;4;4;3;4;4;4;3;3;4;5;4;4;4;4;5;5;5;5;5;5;2;0,488;6;NA;1,132;0;0;NA;0;0
10420092378;4;3;1;1;3;4;3;3;4;3;2;4;2;2;4;4;5;5;4;3;4;4;4;2;3;2;0,346;3;NA;1,096;0;0;NA;0;0
10420090485;3;2;3;3;2;3;3;1;4;3;2;2;2;1;3;2;3;3;3;2;3;2;2;2;2;4;0,429;4;NA;0,762;0;0;NA;0;0
10420090200;4;4;3;2;4;5;4;4;3;3;4;4;4;4;4;4;3;4;4;5;4;4;5;4;2;2;0,470;6;NA;0,827;0;0;NA;0;0
10420089480;2;1;4;4;2;2;2;2;3;2;2;5;4;5;4;4;2;2;2;5;5;2;5;5;5;4;0,431;4;NA;1,373;0;0;NA;1;0
10420087054;4;4;1;1;3;4;4;2;4;3;3;3;5;4;5;3;4;4;4;4;5;5;4;4;3;3;0,387;4;NA;1,065;0;0;NA;0;0
10420084328;4;3;1;1;4;3;3;3;4;5;3;3;3;4;5;3;4;3;4;3;4;4;5;4;3;1;0,426;3;NA;1,093;0;0;NA;0;0
10420082231;4;4;1;1;5;5;5;4;3;5;5;4;4;5;5;5;5;5;5;4;2;5;4;3;4;1;0,457;6;NA;1,341;0;0;NA;1;0
10420079026;5;5;1;1;3;3;4;4;4;4;5;5;4;4;5;4;3;3;3;3;2;3;4;4;5;1;0,436;4;NA;1,240;0;0;NA;0;0
10420076168;2;4;2;2;2;4;3;2;3;2;4;2;2;2;4;2;2;2;2;3;3;3;3;2;4;3;0,447;4;NA;0,797;0;0;NA;0;0
10420076011;5;4;2;2;3;4;5;4;5;5;5;5;4;5;5;3;5;5;5;4;4;3;5;5;5;1;0,421;4;NA;1,156;0;0;NA;0;0
10420075707;3;3;1;1;3;4;4;3;2;3;3;2;2;2;4;3;4;3;3;3;4;2;2;2;2;2;0,438;5;NA;0,884;0;0;NA;0;0
10420075650;3;4;2;1;3;3;3;2;3;3;4;3;3;3;4;4;4;4;4;4;4;4;4;4;4;2;0,559;11;NA;0,838;0;1;NA;0;0
10420073810;5;5;1;1;4;5;3;4;5;5;5;4;5;4;5;5;5;5;5;4;4;4;5;5;4;1;0,464;5;NA;1,287;0;0;NA;0;0
10420073785;4;5;3;2;4;5;4;4;4;5;5;5;4;4;5;5;5;5;4;5;3;4;5;4;5;2;0,465;4;NA;0,908;0;0;NA;0;0
10420072703;2;4;1;1;3;3;3;2;4;3;4;3;4;3;5;4;4;4;2;4;3;3;4;3;3;2;0,458;3;NA;0,993;0;0;NA;0;0
10420069934;5;4;2;2;NA;4;4;3;2;4;4;4;4;4;5;4;4;4;4;4;3;3;5;5;5;2;0,460;5;NA;0,970;0;0;NA;0;0
10420069546;4;3;1;1;4;3;4;4;4;4;4;4;4;4;5;4;4;4;3;3;3;4;5;4;4;2;0,477;8;NA;0,987;0;1;NA;0;0
10420069463;5;5;1;1;4;5;4;5;5;5;5;4;4;4;4;5;5;5;5;5;5;4;5;5;5;2;0,513;6;NA;1,192;0;0;NA;0;0
10420068757;2;3;3;3;2;2;2;1;4;3;3;4;5;3;4;5;4;4;3;4;3;3;2;4;4;4;0,375;3;NA;0,992;0;0;NA;0;0
10420068340;2;3;2;1;3;2;2;2;2;3;4;2;3;2;3;3;3;3;2;2;3;3;2;3;3;3;0,479;4;NA;0,647;0;0;NA;0;1
10420068304;4;4;2;2;4;5;4;4;4;4;4;4;4;5;5;5;4;4;4;4;4;4;4;4;4;2;0,611;9;NA;0,796;1;1;NA;0;0
10420067866;3;2;3;3;3;3;3;2;3;3;3;2;3;3;4;3;3;3;3;3;3;3;3;2;3;2;0,644;8;NA;0,464;1;1;NA;0;1
10420067847;3;3;3;3;3;3;3;2;4;3;4;3;2;3;4;5;4;4;4;3;4;4;4;3;4;2;0,403;7;NA;0,745;0;0;NA;0;0
10420065379;4;5;1;1;4;4;5;2;4;5;5;5;4;4;5;5;5;5;4;4;5;5;5;3;2;2;0,477;4;NA;1,311;0;0;NA;0;0
10420065302;4;2;2;1;4;4;4;4;4;4;3;3;4;3;4;4;4;5;4;4;4;3;3;2;5;3;0,455;6;NA;0,949;0;0;NA;0;0
10420063676;4;3;2;1;3;5;4;4;4;4;4;4;4;4;5;5;4;4;4;4;4;4;5;4;4;1;0,632;8;NA;1,032;1;1;NA;0;0
10420063150;4;3;2;2;3;5;4;3;4;4;5;2;4;4;5;3;4;4;4;4;3;3;4;4;4;2;0,354;4;NA;0,902;0;0;NA;0;0
10420063123;3;5;1;4;4;4;4;4;4;4;5;1;3;3;4;4;4;2;NA;3;2;3;5;3;5;1;0,564;7;NA;1,225;0;0;NA;0;0
10420062937;3;4;2;1;3;2;4;4;4;3;4;5;5;5;5;3;4;4;3;3;3;3;3;3;5;2;0,398;6;NA;1,067;0;0;NA;0;0
10420062869;4;5;1;1;3;2;4;4;4;2;3;3;5;3;5;2;5;4;3;5;2;4;5;5;5;3;0,325;3;NA;1,303;0;0;NA;0;0
10420062587;4;4;3;2;4;4;4;3;4;4;5;3;4;4;4;3;4;4;4;4;4;4;4;4;4;2;0,616;9;NA;0,667;1;1;NA;0;1
10420062488;4;4;1;2;4;5;4;NA;3;4;5;4;3;4;5;4;4;4;4;3;4;3;4;4;4;2;0,552;4;NA;0,945;0;0;NA;0;0
10420062369;4;3;1;2;4;5;3;2;4;4;3;3;4;4;3;2;4;4;4;3;4;3;3;3;2;3;0,450;3;NA;0,908;0;0;NA;0;0
10420062302;4;5;1;1;4;5;4;4;4;4;5;4;5;4;5;5;4;4;4;4;4;4;4;4;3;1;0,515;8;NA;1,156;0;1;NA;0;0
10420062235;3;2;1;3;2;3;3;3;3;3;4;3;5;3;4;4;3;2;2;2;2;2;4;3;5;3;0,449;5;NA;0,958;0;0;NA;0;0
10420062108;4;4;1;2;4;5;2;1;2;5;4;3;4;4;5;3;4;2;3;4;5;4;4;4;2;1;0,429;3;NA;1,289;0;0;NA;0;0
10420061594;4;4;1;2;3;2;3;2;2;4;3;3;3;4;4;4;4;2;4;4;4;3;2;2;4;2;0,394;4;NA;0,958;0;0;NA;0;0
10420061493;3;4;1;2;4;5;5;1;5;3;4;1;5;1;5;2;4;4;4;5;2;5;2;5;3;2;0,417;3;NA;1,495;0;0;NA;1;0
10420061164;4;4;1;1;4;5;3;2;2;4;5;5;5;5;5;4;4;4;5;5;4;4;5;5;4;1;0,448;5;NA;1,347;0;0;NA;1;0
10420060808;5;4;2;1;5;5;4;3;4;5;4;4;5;3;5;4;5;5;5;5;4;5;4;4;4;2;0,433;4;NA;1,093;0;0;NA;0;0
10420060800;4;3;4;4;4;4;4;3;3;3;3;4;4;4;4;3;4;3;3;3;4;2;2;4;4;1;0,457;5;NA;0,804;0;0;NA;0;0
10420060263;4;4;2;1;4;4;4;3;3;4;3;4;4;3;4;4;4;4;4;4;4;4;4;4;4;1;0,616;11;NA;0,905;1;1;NA;0;0
10420060189;3;3;4;3;2;2;3;4;3;2;3;2;3;2;2;4;2;2;3;2;2;2;5;3;5;2;0,401;3;NA;0,939;0;0;NA;0;0
10420058985;4;3;2;1;4;4;4;2;4;4;3;2;3;2;4;3;4;4;4;4;4;3;3;2;2;2;0,447;5;NA;0,952;0;0;NA;0;0
10420058898;4;4;1;1;3;2;3;4;3;3;4;5;5;4;4;3;4;4;4;4;3;3;4;5;5;2;0,402;4;NA;1,105;0;0;NA;0;0
10420058838;4;4;1;1;4;5;4;4;5;5;5;3;5;4;5;4;5;5;5;4;3;4;3;5;4;1;0,387;3;NA;1,262;0;0;NA;0;0
10420058751;5;5;1;1;4;4;4;3;5;4;5;5;5;5;5;5;4;4;4;5;5;5;5;5;5;1;0,544;6;NA;1,297;0;0;NA;0;0
10420058558;4;4;2;2;3;4;2;3;2;3;4;4;4;3;5;2;4;3;3;3;4;4;2;3;3;2;0,391;3;NA;0,881;0;0;NA;0;0
10420058554;4;3;3;2;3;4;3;3;3;3;3;1;2;3;4;2;2;5;5;3;2;2;5;3;3;5;0,407;5;NA;1,071;0;0;NA;0;0
10420058003;3;3;2;2;3;4;4;4;3;3;4;3;4;3;4;2;3;3;3;3;3;3;3;3;3;2;0,460;9;NA;0,628;0;1;NA;0;1
10420057322;4;4;2;1;3;5;4;2;3;4;3;3;4;3;5;4;4;4;5;4;4;3;2;3;4;2;0,440;3;NA;1,027;0;0;NA;0;0
10420056948;3;3;3;3;3;3;4;4;4;3;4;3;3;3;4;4;4;3;3;3;3;3;4;3;4;2;0,512;6;NA;0,549;0;0;NA;0;1
10420056762;4;4;1;3;4;4;5;4;4;5;5;3;4;4;5;4;5;5;5;3;4;3;4;3;4;2;0,464;3;NA;0,993;0;0;NA;0;0
10420055857;4;4;1;1;4;5;4;1;4;5;5;1;3;3;5;4;4;4;3;4;2;3;5;5;4;2;0,341;3;NA;1,363;0;0;NA;1;0
10420055789;5;4;1;1;4;5;4;2;5;4;5;4;4;4;5;4;4;4;5;5;4;5;5;5;5;1;0,429;4;NA;1,296;0;0;NA;0;0
10420054863;4;3;2;2;3;3;3;1;3;4;4;4;5;3;4;4;4;3;4;3;3;3;3;5;5;3;0,411;4;NA;0,941;0;0;NA;0;0
10420053879;5;5;1;1;5;5;5;5;5;5;5;5;5;5;5;5;5;5;5;5;5;5;5;5;5;1;0,814;21;NA;1,303;1;1;NA;0;0
10420053271;4;4;2;2;4;5;4;4;4;4;5;3;4;4;5;5;5;4;3;4;4;4;4;4;4;1;0,472;6;NA;0,967;0;0;NA;0;0
10420053251;3;2;2;1;2;3;2;1;2;3;3;3;4;3;4;2;3;3;3;3;3;3;2;2;4;2;0,443;6;NA;0,804;0;0;NA;0;0
10420051352;2;1;2;2;3;2;3;2;3;2;2;1;2;2;2;2;2;2;2;3;3;3;4;3;3;4;0,470;7;NA;0,752;0;0;NA;0;0
10420050951;5;3;4;2;4;5;3;2;3;3;3;4;4;5;5;2;3;4;4;3;2;4;5;3;3;3;0,383;3;NA;0,990;0;0;NA;0;0
10420049647;3;4;4;1;3;3;3;3;4;3;5;3;4;3;5;2;3;3;2;3;2;3;4;2;3;3;0,447;4;NA;0,909;0;0;NA;0;0
10420048588;4;4;2;2;4;4;3;3;4;4;3;3;4;4;5;5;4;4;5;4;5;4;4;4;4;2;0,436;4;NA;0,863;0;0;NA;0;0
10419824882;5;5;1;1;4;4;4;4;4;3;4;4;4;4;5;4;4;4;4;4;4;4;4;4;5;2;0,631;9;NA;1,021;1;1;NA;0;0
10419197325;3;4;1;1;3;2;2;3;2;3;3;2;2;3;3;3;3;2;3;2;3;2;2;4;2;2;0,441;4;NA;0,762;0;0;NA;0;0
10417792690;4;3;4;1;NA;NA;3;2;4;4;4;3;4;4;5;4;4;4;3;5;2;4;4;4;5;3;0,454;3;NA;0,970;0;0;NA;0;0
10416851164;4;4;1;2;4;5;4;3;4;4;5;5;5;3;5;4;2;4;4;5;4;4;5;5;5;2;0,407;3;NA;1,129;0;0;NA;0;0
10416741098;3;2;2;2;3;2;3;1;3;3;5;3;4;4;3;2;3;3;2;2;3;3;2;5;2;5;0,383;3;NA;1,033;0;0;NA;0;0
10415572227;3;4;1;1;3;4;2;2;3;4;3;2;3;3;5;4;4;5;2;3;5;2;5;2;5;3;0,347;2;NA;1,234;0;0;NA;0;0
10415174266;4;5;4;5;5;5;4;4;5;5;5;3;5;2;4;5;4;4;5;5;5;4;5;4;4;2;0,458;3;NA;0,884;0;0;NA;0;0
10414344073;3;3;2;1;3;4;3;4;2;5;1;3;3;3;5;4;4;3;2;3;5;3;2;2;3;1;0,334;3;NA;1,148;0;0;NA;0;0
10414135174;2;2;3;4;3;4;3;3;3;3;3;3;3;2;3;2;2;2;2;3;3;3;2;2;2;3;0,525;7;NA;0,618;0;0;NA;0;1
10413037490;4;4;1;1;2;3;1;2;3;3;4;3;3;3;4;2;3;4;3;3;2;3;2;3;4;4;0,468;3;NA;0,967;0;0;NA;0;0
10413034438;4;4;1;1;4;4;3;4;4;3;4;3;3;3;5;5;5;4;5;5;3;4;5;3;5;1;0,325;3;NA;1,231;0;0;NA;0;0
10412901278;5;4;3;2;4;4;3;4;4;3;3;4;4;3;4;4;4;3;3;4;4;4;5;5;5;2;0,451;3;NA;0,827;0;0;NA;0;0
10412119238;5;4;3;2;4;4;3;4;4;3;4;4;4;3;4;2;4;3;4;4;5;4;5;4;5;2;0,487;3;NA;0,874;0;0;NA;0;0
10411144520;4;4;1;1;4;5;4;3;3;4;5;4;3;3;5;4;4;5;4;4;4;5;5;3;4;2;0,359;3;NA;1,116;0;0;NA;0;0
10411055071;2;2;1;2;4;5;3;3;4;4;3;3;4;3;4;2;4;4;4;3;3;4;5;5;4;2;0,387;3;NA;1,056;0;0;NA;0;0
10410916444;4;4;2;2;4;4;5;2;4;4;3;4;4;3;5;3;4;5;4;4;5;4;5;2;2;2;0,396;3;NA;1,061;0;0;NA;0;0
10410724157;5;5;1;1;4;5;4;5;4;4;5;3;4;5;5;4;5;5;5;5;5;5;5;4;2;2;0,509;7;NA;1,275;0;0;NA;0;0
10410156139;1;3;1;2;5;5;5;3;5;5;5;2;3;3;5;4;4;5;5;3;5;3;2;2;4;3;0,344;3;NA;1,362;0;0;NA;1;0
10409537475;5;4;2;1;4;4;4;4;4;4;5;4;4;4;5;4;4;4;4;3;4;3;5;4;5;2;0,541;6;NA;0,967;0;0;NA;0;0
10409272102;4;4;1;2;4;5;3;3;4;3;4;4;4;4;4;4;3;3;4;3;4;3;4;5;5;2;0,461;6;NA;0,945;0;0;NA;0;0
10409269944;4;4;1;1;4;5;4;4;4;4;4;3;4;4;5;4;4;4;4;4;4;4;4;4;4;1;0,628;10;NA;1,050;1;1;NA;0;0
10409130599;3;3;3;2;4;NA;3;3;4;3;3;3;3;3;4;2;3;3;3;3;2;3;2;3;3;2;0,512;5;NA;0,572;0;0;NA;0;1
10409096835;4;4;2;2;3;3;3;3;4;4;4;4;4;4;4;3;4;4;4;4;2;3;5;4;4;2;0,549;7;NA;0,812;0;0;NA;0;0
10408851660;3;2;4;4;2;3;3;2;3;3;2;2;4;2;3;3;4;4;4;4;5;4;4;4;3;3;0,431;4;NA;0,863;0;0;NA;0;0
10408716960;2;2;4;4;2;2;2;2;2;2;2;2;2;2;2;NA;2;2;2;2;2;2;4;4;4;2;0,693;11;NA;0,816;1;1;NA;0;0
10408632355;4;2;1;1;4;5;3;4;4;3;4;2;4;4;5;4;4;4;3;4;2;4;4;3;3;1;0,379;3;NA;1,158;0;0;NA;0;0
10408158468;4;4;3;2;3;4;4;3;3;5;4;3;5;3;5;5;5;5;4;4;3;3;4;4;4;2;0,391;4;NA;0,908;0;0;NA;0;0
10407999421;4;4;2;1;3;4;4;4;4;4;5;5;4;4;5;4;4;4;4;4;4;4;5;4;4;1;0,620;7;NA;1,021;1;0;NA;0;0
10407400754;5;5;1;1;4;4;4;3;4;5;5;5;5;4;5;4;5;5;5;5;4;4;5;4;5;1;0,448;4;NA;1,275;0;0;NA;0;0
10407216169;3;1;2;5;2;2;3;4;1;2;5;3;4;3;3;2;5;5;2;5;5;2;2;4;2;3;0,380;2;NA;1,324;0;0;NA;0;0
10407201435;4;4;1;1;3;5;4;2;4;4;4;4;4;4;5;3;2;3;4;3;3;3;5;4;5;1;0,363;6;NA;1,206;0;0;NA;0;0
10407161728;4;4;1;2;4;4;4;4;3;4;4;5;4;4;5;4;4;4;4;4;3;4;5;5;4;2;0,531;5;NA;0,939;0;0;NA;0;0
10407102696;1;3;1;3;2;3;3;4;3;2;2;5;4;1;3;3;2;2;2;3;5;3;5;3;5;2;0,409;3;NA;1,211;0;0;NA;0;0
10406923930;5;5;1;1;4;3;5;3;4;5;3;5;5;4;5;3;5;5;4;4;4;4;3;4;4;1;0,357;4;NA;1,266;0;0;NA;0;0
10406921557;3;2;3;3;2;3;3;2;2;3;4;4;4;4;3;5;2;2;3;2;2;2;4;2;3;2;0,434;4;NA;0,881;0;0;NA;0;0
10406829376;5;4;2;2;4;5;4;4;4;5;4;4;4;4;5;4;4;4;5;4;4;4;4;4;4;2;0,604;6;NA;0,824;1;0;NA;0;0
10406829327;3;3;4;4;3;3;3;4;5;NA;2;3;3;3;4;NA;4;2;3;4;2;3;4;4;4;2;0,493;3;NA;0,806;0;0;NA;0;0
10406527343;4;4;3;4;3;4;4;3;2;3;3;4;3;4;4;2;3;4;4;2;2;2;2;4;4;3;0,428;4;NA;0,815;0;0;NA;0;0
10406498563;4;4;1;3;5;5;4;3;3;5;5;5;5;4;5;5;5;5;5;4;5;4;4;4;4;1;0,484;5;NA;1,143;0;0;NA;0;0
10406454481;4;3;3;3;3;3;3;2;3;3;3;3;3;3;4;2;3;3;2;2;2;2;4;4;4;4;0,541;6;NA;0,693;0;0;NA;0;0
10406440817;5;4;1;1;3;4;3;4;4;3;3;3;3;2;5;4;3;2;3;4;2;3;5;4;4;1;0,419;4;NA;1,167;0;0;NA;0;0
10406368103;4;4;2;1;3;4;4;3;3;4;5;2;3;2;2;4;4;4;5;4;4;5;4;4;3;1;0,369;3;NA;1,134;0;0;NA;0;0
10406367455;5;5;2;2;4;4;4;5;4;4;4;4;5;4;5;4;4;4;4;2;5;3;4;4;4;1;0,456;4;NA;1,047;0;0;NA;0;0
10406270522;4;4;2;3;3;5;4;3;4;4;4;3;4;3;5;4;4;5;5;4;3;5;5;4;4;1;0,413;3;NA;0,981;0;0;NA;0;0
10406217746;3;4;2;2;2;5;2;3;2;3;5;2;3;2;4;3;3;3;4;3;3;3;3;3;3;1;0,414;6;NA;0,935;0;0;NA;0;0
10406174126;4;4;1;2;2;2;3;3;3;4;3;4;4;2;5;3;4;4;3;2;4;2;2;3;2;2;0,377;3;NA;0,999;0;0;NA;0;0
10406111215;4;5;1;1;3;4;4;3;4;4;5;5;5;3;5;4;5;5;5;4;3;3;4;4;4;1;0,358;3;NA;1,243;0;0;NA;0;0
10406100209;5;4;2;3;4;4;4;3;NA;3;5;4;4;4;4;4;4;4;4;4;4;3;5;5;5;2;0,572;10;NA;0,833;0;1;NA;0;0
10406075533;4;4;1;2;4;4;4;1;3;5;3;5;4;4;4;4;5;5;5;3;5;5;5;2;3;1;0,472;4;NA;1,325;0;0;NA;0;0
10406012112;4;4;2;1;4;5;4;2;3;3;4;4;4;4;5;2;3;3;4;3;4;4;4;4;4;3;0,468;5;NA;0,949;0;0;NA;0;0
10405923521;4;4;1;1;4;5;4;3;4;5;5;3;4;3;5;4;4;5;5;5;4;4;4;5;4;1;0,370;3;NA;1,223;0;0;NA;0;0
10405818742;4;2;2;1;3;4;3;2;2;2;3;5;5;3;5;3;3;3;2;4;3;3;4;5;5;3;0,377;3;NA;1,142;0;0;NA;0;0
10404865572;5;5;1;1;2;5;3;5;5;5;5;2;5;1;5;5;5;5;5;4;5;5;5;4;5;1;0,511;5;NA;1,575;0;0;NA;1;0
10404832950;5;4;1;1;4;5;4;3;5;5;5;5;5;5;5;5;5;5;5;4;4;4;5;3;4;1;0,469;11;NA;1,306;0;1;NA;0;0
10404746509;3;3;2;2;2;2;2;2;2;2;4;3;3;3;5;2;2;2;2;3;3;4;4;4;3;3;0,600;8;NA;0,863;1;1;NA;0;0
10404739720;3;4;1;1;3;4;5;3;4;4;4;5;4;4;5;3;4;5;4;4;5;3;4;4;4;2;0,538;3;NA;1,087;0;0;NA;0;0
10404725994;3;4;1;4;2;3;2;1;4;3;4;3;4;4;5;4;2;2;3;4;5;4;5;4;5;3;0,480;2;NA;1,169;0;0;NA;0;0
10404690547;4;3;2;2;3;3;3;3;3;3;3;2;4;3;3;2;3;3;3;2;2;3;3;2;4;2;0,497;7;NA;0,634;0;0;NA;0;1
10404625693;4;3;3;3;3;5;3;3;3;3;2;4;4;4;4;4;4;3;4;4;3;4;3;4;2;2;0,444;6;NA;0,752;0;0;NA;0;0
10404623494;4;4;1;2;4;5;4;4;3;4;5;4;4;4;4;5;5;5;5;3;4;4;3;3;3;1;0,412;4;NA;1,116;0;0;NA;0;0
10404468243;2;2;2;3;3;4;3;1;2;3;3;3;3;3;4;4;3;3;3;3;3;3;3;3;3;2;0,598;9;NA;0,675;0;1;NA;0;1
10404403533;5;4;1;2;4;5;4;1;4;4;5;4;5;5;5;4;5;5;5;5;4;5;5;5;5;2;0,487;4;NA;1,255;0;0;NA;0;0
10404141681;4;4;2;1;3;4;4;2;3;4;5;5;4;4;5;4;4;4;4;3;4;3;4;3;4;2;0,512;4;NA;0,987;0;0;NA;0;0
10404040789;2;2;3;4;2;3;3;2;3;3;3;1;3;2;4;3;2;2;3;4;2;3;4;2;3;2;0,449;3;NA;0,788;0;0;NA;0;0
10404031592;3;4;1;1;4;4;4;4;3;3;4;3;5;3;5;4;3;3;3;4;5;5;4;4;4;2;0,345;4;NA;1,067;0;0;NA;0;0
10403900049;3;3;2;3;2;3;4;2;3;4;4;3;4;2;5;4;4;4;4;3;4;3;2;4;4;2;0,414;4;NA;0,874;0;0;NA;0;0
10403881584;4;4;2;2;3;4;3;2;3;3;4;3;4;2;4;4;3;4;4;4;2;2;4;2;2;2;0,389;3;NA;0,891;0;0;NA;0;0
10403871263;4;5;2;1;2;3;4;3;3;3;2;5;5;3;5;4;4;4;4;4;3;3;4;4;5;2;0,368;5;NA;1,105;0;0;NA;0;0
10403681448;5;4;1;3;4;5;5;5;4;4;4;3;4;4;5;5;5;4;5;4;4;4;4;2;4;1;0,477;4;NA;1,129;0;0;NA;0;0
10403672741;5;5;1;1;4;5;4;5;4;5;5;5;5;5;5;4;5;4;5;4;5;4;5;5;5;2;0,575;6;NA;1,192;0;0;NA;0;0
10403655505;5;5;1;1;5;4;5;3;4;5;5;5;4;5;5;5;5;5;5;4;5;4;5;4;5;2;0,550;6;NA;1,218;0;0;NA;0;0
10403042746;4;5;1;1;4;5;3;3;4;4;5;5;4;3;3;2;5;4;4;5;4;5;3;4;2;2;0,375;2;NA;1,235;0;0;NA;0;0
10402618162;3;4;2;1;3;5;3;3;4;4;5;3;3;3;3;3;3;4;4;4;4;4;4;3;3;2;0,533;6;NA;0,892;0;0;NA;0;0
10402344039;4;3;3;3;2;4;4;4;3;3;3;2;3;3;5;4;3;4;4;3;2;2;4;3;3;2;0,450;3;NA;0,801;0;0;NA;0;0
10402252376;4;4;1;1;4;3;3;3;4;5;5;5;5;4;5;2;2;2;2;2;4;3;5;4;4;2;0,399;5;NA;1,299;0;0;NA;0;0
10402212218;4;4;2;1;4;5;3;3;3;4;4;4;4;3;5;4;4;4;5;4;4;4;4;4;5;1;0,496;5;NA;1,050;0;0;NA;0;0
10402159630;2;3;4;3;2;4;3;2;4;3;4;1;2;2;3;2;3;4;3;3;2;4;2;2;2;3;0,426;3;NA;0,863;0;0;NA;0;0
10402084969;4;5;1;1;4;5;3;2;2;3;5;5;5;4;5;2;5;2;5;4;2;5;5;5;5;2;0,401;4;NA;1,463;0;0;NA;1;0
10401939368;3;3;2;1;2;4;4;2;4;3;3;3;3;3;4;4;4;5;3;3;4;3;4;3;4;2;0,442;5;NA;0,895;0;0;NA;0;0
10401927079;4;5;1;1;3;4;4;4;4;4;4;3;5;3;5;5;4;4;4;3;5;3;3;2;4;2;0,416;6;NA;1,137;0;0;NA;0;0
10401866163;3;NA;2;2;2;2;2;2;2;2;2;1;2;2;2;3;2;2;2;2;2;2;2;2;4;2;0,744;9;NA;0,526;1;1;NA;0;1
10401780360;4;3;2;3;5;5;5;4;3;4;4;3;4;4;4;4;5;5;5;5;5;5;5;5;5;2;0,570;9;NA;0,967;0;1;NA;0;0
10401585230;3;5;1;1;3;3;3;2;2;4;4;2;2;3;4;2;3;2;3;3;5;2;4;3;5;2;0,366;3;NA;1,129;0;0;NA;0;0
10401489844;3;4;1;1;2;4;4;3;4;3;4;3;4;4;5;3;4;3;4;4;3;3;4;4;4;1;0,539;3;NA;1,050;0;0;NA;0;0
10401421565;4;3;1;2;3;5;4;3;3;5;5;4;4;3;5;3;4;4;4;3;4;3;4;3;4;1;0,444;3;NA;1,068;0;0;NA;0;0
10401359591;3;2;1;1;3;5;3;4;3;4;5;4;4;2;5;2;4;4;4;3;3;3;2;2;4;1;0,290;3;NA;1,211;0;0;NA;0;0
10401355959;4;4;2;1;3;5;4;4;3;4;4;3;4;4;5;4;4;4;4;4;4;4;3;4;4;2;0,578;7;NA;0,892;0;0;NA;0;0
10401290632;5;5;1;2;4;4;4;4;5;4;4;4;5;4;5;2;5;4;4;4;3;4;5;5;5;2;0,442;4;NA;1,113;0;0;NA;0;0
10401281252;4;2;3;4;3;4;4;3;4;3;5;3;4;2;3;3;2;2;3;4;2;4;5;4;4;2;0,388;2;NA;0,928;0;0;NA;0;0
10401250981;5;4;3;2;4;5;3;2;4;4;3;4;5;5;5;4;5;5;4;4;5;3;4;4;3;3;0,398;3;NA;0,935;0;0;NA;0;0
10401225650;5;5;2;1;4;4;4;2;4;4;4;4;4;4;5;3;4;4;4;4;4;4;4;4;4;2;0,671;9;NA;0,962;1;1;NA;0;0
10401218733;3;4;1;1;3;4;4;5;5;4;2;4;5;4;5;2;2;3;2;5;5;4;5;5;5;4;0,402;3;NA;1,320;0;0;NA;0;0
10401214778;4;4;2;2;4;4;4;2;4;4;4;4;4;4;4;4;4;4;4;4;4;4;4;4;4;2;0,739;17;NA;0,736;1;1;NA;0;0
10401179863;4;1;4;4;3;3;4;2;3;2;3;4;4;5;2;5;2;2;3;3;2;4;4;4;5;4;0,369;3;NA;1,087;0;0;NA;0;0
10401116539;4;4;1;2;3;5;4;3;4;4;5;3;4;4;4;4;4;4;4;4;4;2;4;4;5;2;0,507;9;NA;0,977;0;1;NA;0;0
10401110315;5;4;1;2;4;4;4;3;4;4;4;3;4;5;5;4;4;5;5;3;5;4;5;5;5;1;0,408;3;NA;1,164;0;0;NA;0;0
10401058463;4;4;1;2;3;4;5;3;4;3;5;4;4;2;5;3;4;5;5;4;3;5;3;4;3;2;0,378;2;NA;1,098;0;0;NA;0;0
10401031433;4;4;1;1;4;4;4;4;3;4;5;3;4;4;5;4;4;4;4;3;4;3;4;2;4;2;0,485;4;NA;1,029;0;0;NA;0;0
10400900552;5;4;1;1;4;5;4;4;5;5;5;5;5;5;5;4;5;5;5;5;5;5;5;4;5;1;0,539;7;NA;1,289;0;0;NA;0;0
10400898421;3;3;2;1;3;4;3;3;3;3;4;2;4;2;4;3;3;3;3;3;2;2;3;2;2;2;0,443;5;NA;0,765;0;0;NA;0;0
10400869941;5;4;2;2;3;4;4;2;3;3;3;3;4;3;4;4;4;4;4;4;4;4;4;4;4;2;0,576;11;NA;0,812;0;1;NA;0;0
10400868617;4;4;2;2;4;4;4;4;4;4;4;4;4;3;5;4;4;4;4;4;5;4;4;3;4;2;0,592;9;NA;0,765;0;1;NA;0;0
10400846263;2;1;3;1;2;3;2;2;1;2;1;1;2;1;3;2;2;2;2;2;2;4;5;3;4;4;0,413;6;NA;1,079;0;0;NA;0;0
10400817893;5;5;1;1;3;4;3;3;4;2;4;3;4;2;5;2;3;4;4;4;4;4;4;4;4;2;0,463;8;NA;1,134;0;1;NA;0;0
10400773620;4;5;1;1;3;4;5;4;3;4;4;4;4;4;5;4;5;4;4;3;4;3;3;4;4;2;0,453;5;NA;1,056;0;0;NA;0;0
10400366777;3;3;2;2;3;3;3;2;2;3;3;2;2;3;3;3;2;2;2;2;2;4;4;2;2;3;0,497;5;NA;0,643;0;0;NA;0;1
10400227481;4;4;2;1;3;4;3;2;4;5;4;4;2;3;5;4;3;5;4;3;4;4;5;2;2;2;0,372;3;NA;1,134;0;0;NA;0;0
10400092187;5;5;1;1;4;4;4;4;5;4;5;5;5;4;5;2;5;5;4;2;2;2;5;5;5;2;0,395;4;NA;1,405;0;0;NA;1;0
10400030027;4;3;1;1;4;4;3;3;4;3;5;5;5;4;4;5;3;2;3;2;4;5;3;4;4;2;0,317;3;NA;1,174;0;0;NA;0;0
10400024846;4;4;2;2;4;4;5;4;5;4;4;4;4;4;4;5;4;4;4;4;4;4;4;4;4;1;0,632;9;NA;0,881;1;1;NA;0;0
10399979426;4;3;1;2;4;5;2;4;3;3;4;3;4;5;5;4;3;3;3;4;4;4;3;5;4;2;0,416;3;NA;1,030;0;0;NA;0;0
10399972259;4;4;2;2;4;4;4;3;4;4;4;4;4;4;4;3;4;4;4;4;3;3;4;4;4;1;0,576;7;NA;0,809;0;0;NA;0;0
10399960697;4;4;1;1;2;4;5;2;3;4;5;2;3;3;4;2;4;4;5;4;2;3;2;4;3;3;0,383;2;NA;1,167;0;0;NA;0;0
10399902883;4;4;2;2;4;5;4;3;4;4;4;4;4;4;5;4;4;4;4;4;4;4;4;4;4;1;0,624;10;NA;0,863;1;1;NA;0;0
10399813026;1;2;3;4;2;2;3;3;4;2;2;1;3;1;4;2;2;2;2;5;5;5;4;5;3;4;0,426;4;NA;1,294;0;0;NA;0;0
10399790341;4;5;1;1;4;5;5;3;3;5;5;4;4;3;5;5;5;5;5;4;4;4;3;5;5;1;0,430;5;NA;1,311;0;0;NA;0;0
10399625569;5;4;1;3;3;3;4;3;5;3;2;3;4;3;5;4;4;3;4;4;3;4;5;4;3;3;0,438;3;NA;0,948;0;0;NA;0;0
10399618832;NA;4;1;3;4;4;5;4;4;5;5;4;5;2;5;5;5;5;5;4;2;5;5;3;5;1;0,446;5;NA;1,291;0;0;NA;0;0
10399593654;4;4;2;3;3;4;3;3;3;3;2;3;4;4;4;4;3;3;3;4;3;4;4;4;4;2;0,479;4;NA;0,689;0;0;NA;0;0
10399576257;4;4;2;2;3;4;4;3;2;4;5;3;4;3;5;4;4;4;4;3;3;3;4;4;2;1;0,332;4;NA;0,983;0;0;NA;0;0
10399478917;3;3;3;4;2;3;3;2;2;3;2;2;3;3;4;3;3;4;3;4;4;3;4;2;2;2;0,416;3;NA;0,744;0;0;NA;0;0
10399428816;5;4;2;1;4;4;4;4;4;5;5;5;4;4;5;5;5;5;4;5;4;5;4;4;5;2;0,472;5;NA;1,047;0;0;NA;0;0
10399345723;1;NA;3;2;2;3;3;2;3;3;3;3;5;2;5;3;3;2;4;3;5;4;4;4;5;1;0,388;4;NA;1,166;0;0;NA;0;0
10399342257;4;4;1;1;4;4;4;2;4;4;5;4;4;3;4;4;4;4;4;4;3;4;4;3;3;1;0,493;6;NA;1,067;0;0;NA;0;0
10399327217;3;3;3;4;4;4;5;3;3;3;3;3;5;4;4;3;3;2;3;3;5;4;4;3;4;2;0,441;5;NA;0,811;0;0;NA;0;0
10399280552;3;3;1;2;3;3;3;3;4;3;4;3;4;3;4;3;3;2;2;3;2;2;3;4;3;2;0,515;4;NA;0,766;0;0;NA;0;0
10399162281;5;5;1;1;4;4;4;3;3;5;5;5;4;4;5;5;5;5;5;4;5;4;4;3;4;1;0,406;5;NA;1,280;0;0;NA;0;0
10399121210;5;2;4;2;4;5;4;3;4;2;2;4;4;4;4;5;2;2;2;4;2;3;4;4;4;2;0,430;4;NA;1,093;0;0;NA;0;0
10399108008;4;5;1;1;5;1;2;5;5;5;5;5;5;5;5;5;3;2;2;2;2;3;5;5;5;3;0,517;9;NA;1,569;0;1;NA;1;0
10399078364;5;4;1;1;4;5;4;3;5;5;5;5;4;5;5;5;5;5;4;4;4;4;5;4;4;2;0,439;5;NA;1,177;0;0;NA;0;0
10399054815;4;4;3;4;4;5;4;4;4;3;4;5;4;4;5;2;4;4;5;4;2;4;5;4;5;2;0,499;3;NA;0,891;0;0;NA;0;0
10399048839;4;5;1;1;4;4;4;4;4;4;3;4;4;3;5;4;4;4;4;4;3;4;3;3;4;2;0,463;6;NA;0,987;0;0;NA;0;0
10399019116;3;3;2;1;3;5;4;3;3;3;4;4;4;3;5;3;4;4;3;3;2;3;3;3;4;2;0,392;3;NA;0,908;0;0;NA;0;0
10398996590;5;2;2;3;2;3;3;2;3;3;3;3;3;2;5;2;3;3;4;3;3;4;4;4;4;3;0,511;5;NA;0,864;0;0;NA;0;0
10398985941;4;4;3;3;3;3;2;2;3;3;4;3;3;2;5;2;2;3;3;3;2;3;4;3;3;2;0,473;4;NA;0,774;0;0;NA;0;0
10398969333;5;5;1;1;4;5;4;4;4;4;5;5;3;4;5;4;4;4;4;4;3;3;5;5;5;2;0,397;5;NA;1,164;0;0;NA;0;0
10398939616;5;4;2;2;4;5;5;3;4;5;4;5;5;3;5;5;5;5;5;4;4;4;5;5;5;1;0,423;5;NA;1,132;0;0;NA;0;0
10398907492;4;4;4;3;3;4;3;3;3;3;3;5;5;3;4;3;4;4;4;4;3;4;4;4;3;2;0,443;5;NA;0,703;0;0;NA;0;0
10398814455;4;4;2;1;4;4;4;3;4;4;4;5;4;4;5;4;4;4;4;4;4;4;4;4;4;1;0,664;10;NA;0,962;1;1;NA;0;0
10398802635;4;4;2;2;4;4;4;3;2;4;4;2;3;3;5;4;4;4;4;4;4;4;3;3;4;2;0,457;7;NA;0,859;0;0;NA;0;0
10398751074;4;3;1;2;2;5;4;3;2;4;4;3;4;3;5;2;4;4;4;4;4;4;3;4;4;2;0,427;6;NA;1,023;0;0;NA;0;0
10398739736;4;4;1;3;3;5;5;2;4;5;5;2;5;3;5;5;5;5;5;5;5;5;5;2;5;1;0,509;9;NA;1,386;0;1;NA;1;0
10398735723;4;4;1;4;3;3;2;4;4;3;4;4;4;4;4;3;4;4;4;4;3;4;4;4;4;2;0,528;5;NA;0,811;0;0;NA;0;0
10398728247;4;4;1;3;4;4;4;4;4;3;4;3;4;4;5;4;4;4;5;4;4;4;5;3;4;2;0,537;5;NA;0,863;0;0;NA;0;0
10398717840;4;3;2;1;3;4;3;2;2;1;3;4;4;2;5;2;2;2;4;3;3;3;3;2;2;3;0,420;4;NA;0,992;0;0;NA;0;0
10398671220;4;3;1;2;3;5;4;3;5;3;4;3;4;3;5;4;4;4;4;3;5;4;4;4;4;2;0,507;4;NA;0,983;0;0;NA;0;0
10398654712;1;1;5;5;1;1;3;1;1;1;1;1;2;1;1;2;2;2;2;2;2;2;2;2;2;5;0,582;10;NA;1,248;0;1;NA;0;0
10398624205;2;3;2;1;2;4;4;2;2;3;3;2;4;2;4;2;4;4;3;NA;3;3;2;2;2;2;0,401;4;NA;0,900;0;0;NA;0;0
10398615133;4;4;2;2;4;4;5;4;4;5;5;3;5;4;3;4;4;4;4;5;5;3;4;4;3;2;0,374;4;NA;0,925;0;0;NA;0;0
10398614720;4;4;2;2;3;5;3;3;4;3;4;3;4;3;4;3;3;3;4;2;4;4;4;4;4;2;0,402;5;NA;0,804;0;0;NA;0;0
10398605071;4;3;2;3;3;4;4;3;2;4;5;3;4;4;5;3;4;4;4;4;5;4;3;3;4;2;0,373;4;NA;0,857;0;0;NA;0;0
10398585931;4;4;2;1;4;4;3;4;4;4;4;4;4;4;5;4;4;4;4;4;4;3;5;4;5;2;0,582;7;NA;0,908;0;0;NA;0;0
10398538108;5;4;1;1;4;4;4;3;4;5;4;5;4;4;5;4;4;4;4;4;5;4;4;4;4;2;0,560;5;NA;1,047;0;0;NA;0;0
10398535389;5;5;1;1;5;5;4;4;4;5;5;4;5;4;5;5;5;5;5;5;5;5;5;2;5;1;0,502;9;NA;1,366;0;1;NA;1;0
10398531476;4;4;1;2;4;5;4;4;4;5;5;5;4;4;5;2;4;4;4;4;4;4;4;5;5;1;0,518;7;NA;1,143;0;0;NA;0;0
10398489395;4;2;3;4;3;3;4;2;4;4;3;4;4;3;3;3;2;2;3;4;2;4;4;5;2;1;0,349;3;NA;0,967;0;0;NA;0;0
10398487297;3;3;1;2;3;4;4;4;3;3;4;5;4;3;5;2;4;4;3;4;2;4;4;4;4;2;0,399;4;NA;0,983;0;0;NA;0;0
10398484384;2;3;2;1;3;2;2;2;1;2;4;3;2;3;2;2;2;2;2;3;5;3;4;3;3;4;0,437;5;NA;0,945;0;0;NA;0;0
10398449441;4;4;1;2;5;5;4;3;4;5;5;3;5;4;5;5;5;5;5;4;4;4;5;4;5;1;0,420;5;NA;1,197;0;0;NA;0;0
10398442026;2;2;2;2;2;2;2;2;2;2;2;2;2;2;2;2;2;2;2;2;2;2;2;2;2;2;1,000;26;NA;0,000;1;1;NA;0;1
10398424606;4;4;2;2;4;5;3;3;4;3;3;3;4;3;4;3;4;3;3;3;3;3;3;4;4;3;0,492;6;NA;0,689;0;0;NA;0;0
10398409633;3;4;1;1;3;4;4;3;4;3;5;3;5;2;4;3;4;4;4;4;4;4;4;3;4;1;0,498;7;NA;1,098;0;0;NA;0;0
10398369977;5;4;1;5;4;4;4;4;4;5;5;4;4;4;5;5;5;5;5;5;5;5;5;5;5;1;0,572;11;NA;1,093;0;1;NA;0;0
10398332952;4;4;1;1;4;4;4;4;4;4;4;2;3;3;5;NA;4;3;4;4;4;3;3;3;2;2;0,508;7;NA;1,030;0;0;NA;0;0
10398328999;3;3;5;3;3;4;3;1;4;2;4;4;4;4;4;2;2;2;3;3;3;3;4;2;2;2;0,468;5;NA;0,958;0;0;NA;0;0
10398323879;5;4;2;3;4;4;4;1;4;4;4;4;3;3;5;4;4;4;4;5;4;3;5;4;5;1;0,487;4;NA;1,079;0;0;NA;0;0
10398279446;4;4;1;1;4;4;4;2;3;4;4;4;4;4;5;4;4;4;4;4;2;4;4;4;4;1;0,592;5;NA;1,105;0;0;NA;0;0
10398268518;3;3;2;4;2;2;2;2;3;2;3;1;2;1;3;3;3;3;3;3;3;5;3;5;5;3;0,426;7;NA;1,047;0;0;NA;0;0
10398258446;4;3;2;3;4;3;4;3;2;3;4;2;3;3;5;3;3;3;4;4;4;4;3;4;3;3;0,469;4;NA;0,736;0;0;NA;0;0
10398231058;4;4;2;3;4;4;3;2;3;4;4;3;4;4;4;4;4;4;5;4;3;4;4;4;4;2;0,574;6;NA;0,752;0;0;NA;0;0
10398229669;3;4;2;1;3;3;3;3;4;3;4;3;4;3;5;3;3;3;3;2;3;2;4;5;3;4;0,437;4;NA;0,895;0;0;NA;0;0
10398223534;4;5;1;1;3;5;3;3;4;3;5;4;5;3;5;5;5;5;5;4;4;4;2;5;4;1;0,351;5;NA;1,336;0;0;NA;1;0
10398223450;4;4;1;1;3;4;4;4;3;3;4;4;4;4;4;4;4;4;4;2;2;4;4;4;4;3;0,596;9;NA;0,948;0;1;NA;0;0
10398199584;5;NA;2;1;4;4;3;4;4;5;5;5;4;4;4;4;3;3;4;4;4;4;5;3;4;2;0,501;4;NA;1,012;0;0;NA;0;0
10398194124;4;5;1;2;3;5;3;3;4;5;5;5;5;NA;5;5;2;2;3;2;2;2;2;2;2;3;0,500;6;NA;1,370;0;0;NA;1;0
10398185479;5;5;1;1;4;5;5;3;4;4;4;4;5;4;5;4;4;5;4;4;4;4;5;5;5;2;0,439;4;NA;1,148;0;0;NA;0;0
10398179203;4;2;5;5;3;3;4;1;5;1;4;2;5;4;2;5;2;5;3;3;3;5;5;2;2;5;0,471;3;NA;1,392;0;0;NA;1;0
10398178906;3;4;1;2;2;5;4;4;4;5;5;3;3;2;5;4;5;5;5;4;4;4;4;4;4;1;0,463;6;NA;1,225;0;0;NA;0;0
10398158555;5;5;1;1;5;5;3;1;5;5;5;3;3;1;5;5;2;2;NA;2;5;2;2;5;2;2;0,442;3;NA;1,646;0;0;NA;1;0
10398152430;3;3;2;2;2;3;4;3;3;3;3;4;4;3;4;3;2;2;3;4;2;4;4;3;4;2;0,377;4;NA;0,774;0;0;NA;0;0
10398138416;1;2;1;4;2;1;2;1;2;3;NA;4;4;4;5;5;2;2;2;4;3;5;2;4;5;3;0,397;3;NA;1,382;0;0;NA;1;0
10398138239;5;4;1;2;4;5;4;3;4;4;4;3;4;3;5;3;4;4;4;4;4;4;5;4;4;1;0,496;6;NA;1,050;0;0;NA;0;0
10398136592;5;5;1;1;3;5;3;2;5;5;5;4;5;3;5;3;4;4;4;4;4;4;5;4;5;1;0,414;6;NA;1,327;0;0;NA;0;0
10398133788;5;5;1;1;4;5;5;5;5;5;5;5;5;5;5;4;5;5;5;5;4;5;5;5;5;1;0,688;10;NA;1,301;1;1;NA;0;0
10398129389;4;4;2;2;4;5;4;3;5;5;5;5;5;4;5;4;4;3;4;5;4;3;5;4;2;1;0,393;5;NA;1,143;0;0;NA;0;0
10398120948;1;3;1;3;1;3;3;3;3;3;2;2;3;2;4;2;2;2;2;2;2;2;4;5;4;3;0,536;7;NA;0,987;0;0;NA;0;0
10398120527;4;5;1;1;3;2;3;2;4;3;3;4;4;4;4;4;4;5;4;2;2;2;4;5;4;2;0,380;6;NA;1,185;0;0;NA;0;0
10398120231;2;2;2;3;3;2;2;4;1;2;2;3;4;2;5;3;2;2;2;3;4;5;5;5;4;4;0,383;3;NA;1,200;0;0;NA;0;0
10398117563;4;4;1;1;4;4;4;3;3;4;5;4;4;4;5;4;4;4;4;4;4;4;4;4;3;1;0,556;9;NA;1,061;0;1;NA;0;0
10398113657;5;4;1;2;NA;4;3;2;2;3;3;5;4;3;4;2;3;4;4;2;4;2;4;2;2;3;0,416;2;NA;1,077;0;0;NA;0;0
10398112019;4;5;1;1;3;4;4;3;4;3;5;4;4;2;4;4;4;4;5;3;3;3;4;4;4;3;0,407;4;NA;1,029;0;0;NA;0;0
10398099013;4;5;1;1;4;5;4;4;4;5;5;5;5;5;5;5;5;5;4;4;4;4;4;5;4;2;0,479;9;NA;1,156;0;1;NA;0;0
10398093401;4;3;4;4;4;5;4;2;3;5;5;5;5;4;3;3;4;4;5;3;4;4;4;5;5;1;0,380;4;NA;1,017;0;0;NA;0;0
10398073901;5;4;1;1;3;4;3;2;3;3;4;5;4;4;5;2;4;3;4;3;2;3;5;5;5;2;0,358;3;NA;1,238;0;0;NA;0;0
10398070551;4;4;1;2;4;4;4;3;4;4;4;3;4;3;4;4;4;4;4;4;4;4;NA;3;NA;2;0,585;8;NA;0,833;0;1;NA;0;0
10398065305;2;2;4;4;NA;2;2;1;3;2;2;2;3;2;4;2;2;5;2;2;5;5;3;5;2;5;0,404;3;NA;1,288;0;0;NA;0;0
10398052011;3;3;3;2;3;4;3;2;3;3;4;3;4;4;5;3;4;4;4;4;5;4;3;4;4;3;0,436;4;NA;0,762;0;0;NA;0;0
10398050634;3;2;3;3;3;4;3;1;4;2;2;1;3;2;3;5;2;2;2;2;4;3;3;5;2;2;0,409;4;NA;1,041;0;0;NA;0;0
10398047107;5;5;1;1;4;5;3;2;3;5;4;5;5;5;5;5;5;5;5;4;4;4;4;4;2;1;0,473;8;NA;1,395;0;1;NA;1;0
10398042984;4;3;4;2;4;4;4;3;4;4;4;4;4;3;5;3;4;5;4;4;2;4;3;5;4;2;0,451;5;NA;0,838;0;0;NA;0;0
10398037929;3;4;2;3;3;3;3;1;4;3;2;1;5;3;5;3;3;3;2;3;2;3;NA;3;3;2;0,460;4;NA;0,971;0;0;NA;0;0
10398037696;3;3;1;1;3;4;2;2;3;3;3;2;4;3;5;4;2;2;2;3;4;2;5;4;3;2;0,394;3;NA;1,071;0;0;NA;0;0
10398036302;4;4;2;2;3;5;4;2;4;3;4;5;4;3;4;4;3;5;5;2;4;5;3;4;4;1;0,318;2;NA;1,102;0;0;NA;0;0
10398033481;3;4;4;3;3;3;3;4;4;3;3;4;4;4;4;3;4;4;3;2;2;2;2;3;3;3;0,501;4;NA;0,710;0;0;NA;0;0
10398030546;2;3;2;3;2;3;4;3;2;3;3;3;4;2;4;2;2;3;3;2;2;2;3;3;3;3;0,437;4;NA;0,667;0;0;NA;0;1
10398025575;4;5;1;1;4;4;4;3;4;5;5;5;5;5;5;5;5;5;5;4;5;5;5;4;5;1;0,544;10;NA;1,297;0;1;NA;0;0
10398015635;3;2;3;2;3;3;2;2;4;4;2;3;3;3;4;4;3;3;3;4;3;3;3;3;3;3;0,461;6;NA;0,632;0;0;NA;0;1
10398012957;2;2;1;3;2;2;2;2;3;2;3;1;3;2;4;4;5;5;5;2;3;5;2;5;5;4;0,413;4;NA;1,341;0;0;NA;1;0
10398001477;4;4;1;2;3;4;5;3;4;4;5;5;5;3;4;3;4;5;5;4;4;4;5;4;4;1;0,490;3;NA;1,132;0;0;NA;0;0
10397997350;4;5;2;1;4;5;5;3;5;4;5;5;3;3;3;5;4;4;5;4;4;4;5;4;5;2;0,472;3;NA;1,113;0;0;NA;0;0
10397984145;4;2;1;3;4;4;4;4;4;3;2;4;5;4;5;2;2;3;3;3;3;3;4;5;5;2;0,380;5;NA;1,098;0;0;NA;0;0
10397970042;3;3;1;2;4;4;4;3;3;3;4;3;3;3;4;4;4;4;4;4;2;4;3;3;4;1;0,504;6;NA;0,908;0;0;NA;0;0
10397962950;4;4;1;1;4;4;4;3;4;4;4;4;4;4;4;4;4;4;4;4;4;4;4;2;2;2;0,744;15;NA;0,990;1;1;NA;0;0
10397956922;4;3;2;1;3;3;4;3;5;3;4;5;5;4;4;3;4;3;4;3;2;2;5;5;5;2;0,424;3;NA;1,140;0;0;NA;0;0
10397950942;2;4;2;2;2;3;3;3;4;3;4;5;4;2;5;2;3;2;2;2;5;2;5;4;5;2;0,368;3;NA;1,190;0;0;NA;0;0
10397950139;5;5;2;1;3;4;4;4;4;5;4;4;4;4;5;4;4;4;4;4;3;4;4;4;4;2;0,632;5;NA;0,939;1;0;NA;0;0
10397945995;4;3;1;1;4;5;5;3;3;4;4;4;5;4;5;4;4;4;4;4;4;4;3;3;4;1;0,395;7;NA;1,134;0;0;NA;0;0
10397939560;4;4;2;1;3;4;3;3;3;3;4;3;4;3;5;3;4;4;4;3;4;3;2;4;4;2;0,428;4;NA;0,884;0;0;NA;0;0
10397934911;2;2;5;4;2;4;3;2;3;3;3;3;4;NA;3;5;3;3;4;3;3;3;4;4;4;2;0,365;4;NA;0,879;0;0;NA;0;0
10397900982;3;4;1;1;3;3;2;2;3;3;2;4;4;3;3;2;2;2;3;2;2;3;3;3;2;5;0,385;3;NA;0,928;0;0;NA;0;0
10397894163;4;4;3;1;3;2;3;3;2;4;3;4;4;3;4;4;4;4;3;3;2;3;4;3;2;2;0,420;4;NA;0,864;0;0;NA;0;0
10397884349;4;5;1;1;4;4;5;4;5;5;4;4;5;4;5;5;5;5;4;4;3;3;5;5;5;1;0,422;4;NA;1,280;0;0;NA;0;0
10397868835;3;4;2;2;3;2;3;2;4;3;4;4;4;4;5;3;3;2;3;3;2;3;5;5;2;2;0,351;4;NA;1,008;0;0;NA;0;0
10397865409;4;4;2;1;4;4;5;3;3;4;4;5;5;4;5;3;4;4;4;3;3;3;4;4;4;2;0,454;3;NA;0,977;0;0;NA;0;0
10397860534;4;3;2;4;3;5;2;4;3;4;3;1;4;3;3;4;5;5;3;3;2;2;4;5;2;1;0,424;2;NA;1,177;0;0;NA;0;0
10397858784;4;3;2;1;3;4;4;1;2;1;3;3;3;3;4;4;4;4;4;3;3;3;2;5;5;3;0,470;5;NA;1,107;0;0;NA;0;0
10397845338;4;4;2;2;4;4;5;4;4;4;4;4;5;5;5;5;5;4;4;4;4;4;4;4;4;2;0,590;8;NA;0,849;0;1;NA;0;0
10397843509;2;3;1;1;2;5;3;2;1;5;4;5;5;4;5;3;5;5;5;5;5;4;5;3;5;2;0,407;5;NA;1,495;0;0;NA;1;0
10397823070;4;4;1;1;3;4;3;1;2;3;4;5;4;4;5;3;4;4;4;2;4;3;5;5;4;1;0,333;3;NA;1,294;0;0;NA;0;0
10397789376;4;3;2;2;2;4;4;2;3;3;4;2;3;2;4;4;4;4;4;4;3;4;4;2;4;2;0,381;6;NA;0,895;0;0;NA;0;0
10397763828;4;4;1;2;3;4;3;2;3;3;5;3;5;3;5;2;3;3;3;4;2;4;4;5;5;3;0,384;3;NA;1,098;0;0;NA;0;0
10397751573;4;4;1;1;3;4;4;4;4;4;4;4;4;3;4;4;4;4;4;4;4;4;3;3;4;1;0,631;8;NA;0,990;1;1;NA;0;0
10397730772;4;5;1;1;3;3;3;3;4;4;5;2;4;2;5;3;3;4;3;4;2;3;5;3;3;3;0,391;4;NA;1,116;0;0;NA;0;0
10397527643;4;4;1;2;4;4;3;2;3;3;5;3;3;3;4;4;4;4;4;4;4;4;5;4;4;1;0,503;8;NA;1,029;0;1;NA;0;0
10397434971;4;5;1;1;3;5;5;3;4;5;5;4;5;3;5;5;5;5;5;4;4;5;4;4;4;1;0,403;5;NA;1,296;0;0;NA;0;0
10397337489;5;5;1;1;4;5;3;3;4;5;5;5;4;5;5;4;5;5;5;5;4;4;4;4;4;2;0,427;5;NA;1,197;0;0;NA;0;0
10397314184;4;3;2;4;3;4;4;2;4;4;3;4;4;3;5;3;4;4;4;3;2;3;3;4;2;2;0,390;3;NA;0,846;0;0;NA;0;0
10397313294;4;5;1;1;3;5;5;4;4;3;5;3;4;4;5;4;4;4;4;4;4;3;4;3;4;1;0,394;6;NA;1,164;0;0;NA;0;0
10397308424;4;3;1;2;4;5;5;5;5;5;5;5;5;4;4;5;4;4;4;3;2;4;5;5;5;2;0,557;8;NA;1,183;0;1;NA;0;0
10397297702;5;4;1;1;4;4;3;4;5;4;4;4;4;4;4;4;3;3;3;4;3;4;4;4;4;2;0,504;7;NA;0,987;0;0;NA;0;0
10397242357;4;4;2;2;3;3;4;3;4;3;4;3;4;3;5;2;3;3;3;3;2;3;4;4;4;4;0,443;4;NA;0,788;0;0;NA;0;0
10397235409;4;4;2;1;4;4;4;3;1;4;4;4;4;3;2;4;4;2;3;4;4;4;2;4;2;2;0,445;4;NA;1,059;0;0;NA;0;0
10397212961;2;3;1;1;3;2;4;5;5;4;5;5;5;4;5;2;5;5;5;5;3;3;5;2;2;3;0,420;4;NA;1,416;0;0;NA;1;0
10397211405;2;4;1;1;3;2;3;3;3;3;2;2;5;3;5;2;2;5;2;2;2;2;2;4;4;2;0,404;5;NA;1,151;0;0;NA;0;0
10397200670;4;4;3;3;4;5;4;3;2;4;4;3;3;2;4;5;4;4;5;5;5;4;3;3;3;2;0,450;3;NA;0,936;0;0;NA;0;0
10397186845;5;4;3;2;4;4;4;3;5;4;4;5;5;5;5;4;4;4;4;4;3;4;5;4;5;2;0,416;5;NA;0,871;0;0;NA;0;0
10397155676;5;4;2;1;4;4;4;3;4;3;5;5;5;3;5;2;2;4;3;5;2;5;5;5;5;2;0,417;4;NA;1,282;0;0;NA;0;0
10397115973;3;2;4;3;4;4;3;3;3;3;3;4;3;4;4;3;3;2;3;3;3;3;4;4;5;2;0,450;5;NA;0,724;0;0;NA;0;0
10397112337;2;2;1;4;3;3;4;4;2;3;1;4;4;3;4;2;4;5;2;4;5;2;4;5;4;2;0,391;2;NA;1,201;0;0;NA;0;0
10397106480;4;4;2;2;4;4;3;4;4;5;3;4;4;4;5;3;3;2;3;4;3;4;4;4;4;1;0,451;4;NA;0,949;0;0;NA;0;0
10397094029;4;4;1;1;3;5;4;3;4;5;5;2;4;3;5;4;4;4;4;5;5;4;4;4;4;1;0,428;4;NA;1,225;0;0;NA;0;0
10397092386;4;4;1;1;4;4;3;2;2;4;4;5;5;4;5;4;4;4;4;5;4;4;2;5;2;2;0,416;4;NA;1,240;0;0;NA;0;0
10397092075;4;4;3;2;3;4;4;4;4;3;4;3;4;4;4;4;4;4;4;4;4;3;3;3;4;1;0,539;9;NA;0,761;0;1;NA;0;0
10397091189;4;3;2;2;4;4;3;3;4;3;5;4;4;2;4;4;4;4;4;4;2;4;4;4;4;1;0,465;6;NA;0,948;0;0;NA;0;0
10397080308;3;2;1;2;2;3;2;1;1;4;3;3;5;2;3;3;3;2;2;3;2;3;5;2;3;2;0,459;3;NA;1,027;0;0;NA;0;0
10397064782;4;4;1;2;4;5;4;3;4;5;5;4;4;4;5;4;4;4;4;5;4;4;5;4;4;1;0,528;4;NA;1,071;0;0;NA;0;0
10397061062;5;4;1;1;4;5;5;4;4;4;4;5;5;4;5;2;3;4;4;2;3;4;5;3;3;2;0,402;4;NA;1,231;0;0;NA;0;0
10397060308;4;2;4;4;4;5;5;2;4;4;5;3;4;4;2;4;4;5;4;4;4;4;4;4;5;3;0,516;6;NA;0,864;0;0;NA;0;0
10397048353;2;1;1;2;3;3;3;4;3;3;3;2;2;3;4;2;2;2;2;3;2;2;2;5;3;3;0,438;4;NA;0,902;0;0;NA;0;0
10397044595;5;5;1;1;4;4;4;4;4;5;5;5;5;4;5;3;4;4;5;4;5;3;5;4;5;1;0,400;5;NA;1,265;0;0;NA;0;0
10397044251;3;4;1;1;3;3;4;4;4;5;5;5;5;5;5;2;4;4;4;3;2;3;4;4;4;1;0,509;6;NA;1,272;0;0;NA;0;0
10397033495;4;2;4;3;NA;3;3;3;4;3;2;1;4;3;3;2;2;2;2;2;5;4;5;4;2;3;0,439;5;NA;1,041;0;0;NA;0;0
10396998668;4;3;2;2;3;4;4;4;4;3;4;4;3;4;4;3;4;4;4;3;4;3;3;3;4;2;0,468;4;NA;0,703;0;0;NA;0;0
10396997477;4;4;1;2;4;5;3;3;3;4;4;4;3;3;5;4;4;5;4;3;4;4;5;4;3;1;0,412;3;NA;1,065;0;0;NA;0;0
10396994454;2;5;2;1;1;3;3;2;3;3;3;1;3;2;5;2;2;2;2;2;3;5;4;3;5;4;0,388;5;NA;1,234;0;0;NA;0;0
10396984677;2;3;2;3;2;2;2;4;4;3;4;4;4;3;5;2;2;2;2;2;4;3;4;4;NA;2;0,458;5;NA;0,978;0;0;NA;0;0
10396983382;3;3;2;1;3;3;4;2;3;4;4;3;2;2;2;3;4;4;4;3;2;4;2;2;2;2;0,385;4;NA;0,895;0;0;NA;0;0
10396981573;4;4;1;1;4;3;4;3;4;3;4;4;3;4;5;4;4;3;4;4;2;4;5;3;5;2;0,438;2;NA;1,068;0;0;NA;0;0
10396981251;4;4;3;1;3;3;3;3;4;3;3;4;4;4;4;5;4;3;4;3;4;3;4;4;3;2;0,443;4;NA;0,809;0;0;NA;0;0
10396977895;4;5;1;1;3;5;5;3;4;5;5;3;4;2;5;5;5;5;5;4;3;3;4;4;4;1;0,399;5;NA;1,336;0;0;NA;1;0
10396977357;2;3;2;2;2;3;3;2;3;3;2;2;2;2;5;2;2;3;2;3;2;2;5;3;2;2;0,488;4;NA;0,859;0;0;NA;0;0
10396972575;4;4;NA;3;3;4;4;4;4;4;4;4;4;3;4;2;4;4;4;4;4;4;5;4;4;2;0,614;8;NA;0,663;1;1;NA;0;1
10396949352;4;4;3;3;4;5;5;4;4;4;4;5;4;3;4;4;4;5;5;4;4;4;5;5;5;2;0,437;4;NA;0,766;0;0;NA;0;0
10396941911;4;4;2;1;4;5;5;3;4;4;4;4;5;3;5;4;4;5;4;5;5;4;5;5;3;1;0,425;4;NA;1,164;0;0;NA;0;0
10396939398;4;2;4;5;2;4;4;3;3;3;4;4;4;3;2;2;5;5;5;4;5;4;4;4;4;2;0,352;4;NA;1,018;0;0;NA;0;0
10396925117;3;4;1;1;3;3;4;1;3;3;3;2;4;2;5;3;4;4;2;3;2;3;4;4;5;5;0,370;3;NA;1,177;0;0;NA;0;0
10396914319;4;4;2;2;3;4;4;3;4;3;3;5;5;4;4;5;3;4;3;3;2;4;4;4;5;2;0,308;3;NA;0,945;0;0;NA;0;0
10396911531;4;5;1;1;2;3;3;3;4;4;4;3;4;3;5;4;4;4;2;3;2;3;4;4;5;2;0,422;3;NA;1,123;0;0;NA;0;0
10396908816;4;4;1;1;2;5;2;3;4;3;3;3;4;3;5;4;4;4;4;3;5;3;4;2;3;3;0,377;4;NA;1,087;0;0;NA;0;0
10396891780;4;3;1;1;3;4;4;3;4;NA;4;5;5;4;4;4;4;4;4;4;4;3;4;4;4;2;0,500;8;NA;1,000;0;1;NA;0;0
10396884059;4;4;3;3;3;3;2;3;5;3;3;2;4;3;4;4;3;3;4;3;4;3;4;3;2;2;0,437;4;NA;0,765;0;0;NA;0;0
10396866903;5;4;1;2;4;3;4;3;4;3;2;5;5;5;5;2;2;2;2;3;5;5;5;3;4;3;0,484;4;NA;1,273;0;0;NA;0;0
10396863055;4;4;1;1;4;4;4;3;4;5;4;4;4;4;5;5;5;5;5;4;4;4;4;4;4;1;0,538;6;NA;1,156;0;0;NA;0;0
10396862359;4;3;2;2;3;4;4;3;3;3;3;4;4;3;4;2;4;4;4;3;3;3;5;5;5;2;0,397;4;NA;0,902;0;0;NA;0;0
10396852230;4;4;1;1;3;4;4;3;4;4;4;3;4;3;4;4;4;4;4;4;4;3;4;4;4;2;0,600;7;NA;0,906;1;0;NA;0;0
10396845283;5;5;1;1;4;4;5;5;4;5;5;5;5;3;5;3;5;5;5;4;4;3;5;4;4;2;0,440;4;NA;1,230;0;0;NA;0;0
10396843438;4;3;1;1;4;4;4;4;4;4;4;4;3;4;5;5;4;4;4;4;5;3;5;3;5;2;0,465;8;NA;1,079;0;1;NA;0;0
10396842952;4;3;1;1;4;5;5;5;5;5;5;5;5;5;5;4;5;5;5;4;4;5;5;5;5;1;0,641;10;NA;1,313;1;1;NA;0;0
10396837394;2;2;3;3;3;4;4;3;3;3;5;2;5;3;5;4;3;4;3;4;4;4;2;2;4;3;0,355;3;NA;0,936;0;0;NA;0;0
10396823936;4;4;2;2;3;3;4;4;4;4;5;2;3;4;4;4;4;4;4;4;3;3;4;3;3;2;0,518;7;NA;0,811;0;0;NA;0;0
10396820703;4;4;2;2;4;5;4;3;4;4;5;4;4;4;5;4;5;5;5;4;4;3;3;4;4;1;0,406;3;NA;1,008;0;0;NA;0;0
10396817088;4;4;2;1;2;2;3;2;3;2;3;4;4;3;5;2;2;2;2;2;2;2;3;4;4;5;0,452;7;NA;1,084;0;0;NA;0;0
10396816923;4;4;1;2;4;4;4;4;4;4;4;5;4;3;5;5;4;4;4;4;3;NA;4;4;4;1;0,587;7;NA;1,021;0;0;NA;0;0
10396813816;3;5;1;1;2;4;5;5;5;5;5;2;5;5;4;3;3;3;4;3;3;3;3;3;4;2;0,462;5;NA;1,273;0;0;NA;0;0
10396809304;4;4;3;2;3;4;4;4;4;3;3;4;5;3;5;4;4;4;4;3;2;3;3;3;3;2;0,455;4;NA;0,811;0;0;NA;0;0
10396808656;5;5;1;1;4;5;4;4;4;5;5;5;5;5;5;5;5;5;5;4;5;4;5;5;5;1;0,543;10;NA;1,289;0;1;NA;0;0
10396805368;4;4;2;2;4;5;4;3;3;3;4;3;4;2;4;4;4;4;4;4;3;3;5;4;2;1;0,403;6;NA;0,987;0;0;NA;0;0
10396793091;4;2;2;1;3;3;4;2;3;2;1;3;3;2;5;3;3;3;2;2;3;2;5;4;5;2;0,413;3;NA;1,120;0;0;NA;0;0
10396792661;2;4;2;1;2;4;4;3;5;3;4;4;4;3;5;4;3;3;3;2;5;2;5;4;5;4;0,367;3;NA;1,140;0;0;NA;0;0
10396779406;4;5;1;2;5;5;5;5;5;5;5;5;5;5;5;5;5;5;5;4;5;5;4;5;5;1;0,728;15;NA;1,208;1;1;NA;0;0
10396778721;2;3;1;2;1;5;5;5;4;5;5;2;5;3;5;2;5;5;4;5;4;4;5;4;5;2;0,416;3;NA;1,423;0;0;NA;1;0
10396771895;3;2;4;3;2;1;2;3;4;2;1;1;3;2;3;2;2;2;5;5;5;5;5;4;4;5;0,422;5;NA;1,383;0;0;NA;1;0
10396770442;5;4;1;1;4;4;4;3;4;3;5;5;5;4;5;2;4;4;5;2;4;3;5;4;4;2;0,397;3;NA;1,225;0;0;NA;0;0
10396762932;4;3;2;1;4;5;5;4;4;4;5;4;5;4;5;2;4;4;4;5;5;4;4;3;3;2;0,447;3;NA;1,096;0;0;NA;0;0
10396760542;4;5;1;1;4;4;4;4;4;5;4;3;4;5;5;4;4;4;4;4;3;4;4;4;4;2;0,498;5;NA;1,032;0;0;NA;0;0
10396751649;5;5;1;3;4;5;4;4;5;4;5;5;5;5;5;5;5;5;5;4;3;5;5;5;5;2;0,533;9;NA;1,061;0;1;NA;0;0
10396750676;4;3;4;5;3;5;3;5;3;4;1;1;2;2;4;5;3;3;4;5;5;3;2;5;5;2;0,404;2;NA;1,304;0;0;NA;0;0
10396746798;3;3;3;3;3;2;2;2;3;2;2;2;4;3;4;2;2;2;5;5;5;2;4;4;2;5;0,410;5;NA;1,113;0;0;NA;0;0
10396739512;4;3;1;1;4;4;4;4;4;5;3;4;4;4;5;5;4;4;4;4;4;4;4;4;4;1;0,569;9;NA;1,087;0;1;NA;0;0
10396738950;3;3;2;3;4;5;3;2;3;3;4;4;3;4;4;3;4;4;3;3;4;3;3;4;4;2;0,443;2;NA;0,745;0;0;NA;0;0
10396734909;3;2;3;4;3;5;2;2;4;3;2;3;3;2;4;4;4;3;3;3;2;3;5;3;3;1;0,364;3;NA;0,958;0;0;NA;0;0
10396731100;1;4;2;3;1;1;3;4;3;3;5;3;4;3;4;2;2;2;2;2;2;2;2;2;5;5;0,504;9;NA;1,210;0;1;NA;0;0
10396728058;4;4;2;2;3;5;4;2;3;3;4;4;3;3;4;4;4;4;4;3;4;3;2;2;2;2;0,437;5;NA;0,908;0;0;NA;0;0
10396723111;3;3;4;3;2;1;2;2;2;2;2;2;4;3;2;4;3;2;2;2;2;2;3;3;3;5;0,528;6;NA;0,898;0;0;NA;0;0
10396722267;4;4;1;1;3;4;3;3;4;5;3;3;4;3;3;5;4;4;3;3;3;4;4;3;3;2;0,380;3;NA;0,970;0;0;NA;0;0
10396713944;4;4;3;3;3;3;3;5;5;3;3;3;3;3;3;3;3;3;4;3;3;3;3;3;3;2;0,691;9;NA;0,652;1;1;NA;0;1
10396697110;4;4;2;2;3;3;3;1;3;3;3;3;4;3;4;4;3;2;3;4;3;3;2;3;2;2;0,407;4;NA;0,796;0;0;NA;0;0
10396695002;4;4;2;1;4;5;4;4;4;4;4;3;4;3;5;5;5;5;5;4;4;4;5;2;2;2;0,460;5;NA;1,142;0;0;NA;0;0
10396686425;5;4;4;4;4;5;4;2;4;5;4;3;5;5;5;2;2;3;5;5;3;4;4;2;5;2;0,320;4;NA;1,120;0;0;NA;0;0
10396686266;4;5;1;3;3;4;5;2;4;5;5;5;5;4;5;2;5;5;5;5;4;5;5;5;2;2;0,543;4;NA;1,280;0;0;NA;0;0
10396671890;4;4;2;1;4;5;3;3;3;3;4;3;4;4;5;2;4;4;4;3;4;4;3;4;4;1;0,420;4;NA;1,027;0;0;NA;0;0
10396670553;4;4;2;2;4;4;4;4;4;4;3;5;5;4;4;4;4;4;5;4;4;4;5;4;4;1;0,571;6;NA;0,925;0;0;NA;0;0
10396662102;5;4;1;1;4;5;5;4;4;4;4;4;4;4;5;5;5;5;4;4;3;4;4;4;4;2;0,508;7;NA;1,093;0;0;NA;0;0
10396658878;4;3;3;3;2;3;3;2;3;3;3;5;5;3;3;4;3;3;3;3;3;2;5;5;5;2;0,531;5;NA;0,970;0;0;NA;0;0
10396644929;3;3;1;2;4;5;5;3;4;5;1;4;5;4;5;3;4;5;5;3;2;3;2;5;5;1;0,449;2;NA;1,392;0;0;NA;1;0
10396638055;4;4;2;1;4;5;3;3;3;4;3;4;3;3;3;4;4;3;4;3;3;4;4;4;3;1;0,462;3;NA;0,928;0;0;NA;0;0
10396636827;4;4;1;2;4;4;4;4;4;3;5;5;5;5;5;3;4;4;4;4;4;4;5;5;5;3;0,637;6;NA;0,980;1;0;NA;0;0
10396633205;4;3;3;1;3;3;4;2;3;4;4;3;4;3;4;5;2;4;3;4;4;4;4;3;4;2;0,456;4;NA;0,892;0;0;NA;0;0
10396629450;4;3;2;1;3;3;3;2;3;3;2;3;4;3;4;2;3;3;3;4;3;4;4;2;3;2;0,445;3;NA;0,796;0;0;NA;0;0
10396615650;4;3;2;1;2;3;3;5;3;3;4;5;4;5;5;3;4;5;4;4;2;4;3;5;3;2;0,339;2;NA;1,140;0;0;NA;0;0
10396608206;4;5;1;1;3;3;4;5;3;4;3;5;5;4;5;5;5;4;3;2;5;2;5;5;5;2;0,407;3;NA;1,336;0;0;NA;1;0
10396607481;5;5;1;1;5;5;5;3;4;5;5;4;4;4;5;4;4;4;4;4;4;4;4;3;4;1;0,498;8;NA;1,211;0;1;NA;0;0
10396604750;4;4;2;2;3;5;4;4;4;4;5;4;5;4;5;4;4;4;4;5;4;5;5;5;5;1;0,466;4;NA;1,038;0;0;NA;0;0
10396601681;4;3;1;1;3;4;3;3;4;3;3;4;4;4;4;3;3;3;3;2;4;4;3;4;4;1;0,422;4;NA;0,967;0;0;NA;0;0
10396597122;5;4;2;3;3;3;3;3;3;3;3;5;4;4;4;3;3;3;3;3;2;4;4;4;3;2;0,600;8;NA;0,788;1;1;NA;0;0
10396594505;4;4;2;2;4;3;4;3;3;4;4;4;4;4;5;5;4;4;3;3;2;3;4;4;5;3;0,367;5;NA;0,852;0;0;NA;0;0
10396588271;5;4;3;3;4;4;4;4;4;5;4;3;3;4;4;3;3;4;5;4;3;3;4;3;3;1;0,468;5;NA;0,852;0;0;NA;0;0
10396582964;4;5;1;1;3;3;4;4;5;4;3;4;5;2;5;4;4;4;4;2;2;3;5;4;4;2;0,370;4;NA;1,208;0;0;NA;0;0
10396578165;4;4;1;2;3;5;3;4;4;4;5;3;3;3;4;3;4;4;4;5;4;4;5;3;4;1;0,467;3;NA;1,065;0;0;NA;0;0
10396577498;4;4;2;1;3;4;5;2;4;4;5;3;3;3;5;5;5;5;4;3;4;4;5;3;5;2;0,350;4;NA;1,151;0;0;NA;0;0
10396576172;3;4;1;1;3;5;4;4;5;4;3;4;3;3;5;5;5;5;5;4;3;4;5;4;5;2;0,380;5;NA;1,201;0;0;NA;0;0
10396571906;5;5;1;1;4;4;5;3;4;5;5;3;4;3;5;5;5;5;5;5;5;5;4;4;4;1;0,460;8;NA;1,311;0;1;NA;0;0
10396570592;4;4;1;1;4;3;3;3;4;4;3;5;4;4;5;5;4;4;4;3;2;4;4;3;4;4;0,419;3;NA;1,027;0;0;NA;0;0
10396568101;3;3;1;1;3;2;1;1;2;2;3;1;3;4;4;4;3;4;2;3;5;2;4;4;5;3;0,311;3;NA;1,234;0;0;NA;0;0
10396566650;5;4;2;3;4;5;4;4;4;3;3;4;4;3;5;4;4;4;4;4;2;4;4;4;5;2;0,448;5;NA;0,863;0;0;NA;0;0
10396565186;4;3;3;3;3;4;3;2;3;3;3;5;5;3;4;3;2;2;3;3;2;3;4;4;4;2;0,403;4;NA;0,849;0;0;NA;0;0
10396556037;4;4;2;1;3;4;4;4;4;3;3;4;4;2;5;4;3;4;4;3;3;2;5;4;5;2;0,433;4;NA;1,029;0;0;NA;0;0
10396550167;4;5;1;1;3;4;3;3;4;4;5;5;5;4;5;5;4;4;4;4;2;3;4;4;4;2;0,440;4;NA;1,158;0;0;NA;0;0
10396548060;4;5;3;2;3;5;4;3;4;4;5;5;5;4;5;4;4;4;4;4;4;5;5;5;5;2;0,417;6;NA;0,909;0;0;NA;0;0
10396546035;4;4;2;2;3;4;3;3;4;4;4;4;3;3;4;3;4;4;3;4;4;3;4;4;4;2;0,488;4;NA;0,706;0;0;NA;0;0
10396542567;5;5;2;1;5;5;5;3;4;5;4;4;5;4;2;NA;4;4;4;4;4;4;4;3;3;2;0,446;7;NA;1,118;0;0;NA;0;0
10396541892;4;4;1;1;3;5;4;3;4;3;3;3;3;3;4;3;3;3;3;3;3;3;3;3;3;2;0,580;10;NA;0,845;0;1;NA;0;0
10396534856;3;3;3;2;2;4;3;3;2;2;4;3;3;2;4;2;3;3;4;4;4;4;3;2;4;2;0,398;4;NA;0,800;0;0;NA;0;0
10396533726;3;2;4;4;2;3;2;3;2;2;3;3;3;2;1;2;3;3;2;4;5;3;2;3;5;5;0,442;3;NA;1,055;0;0;NA;0;0
10396526737;4;4;1;1;3;5;2;4;5;4;4;2;5;2;5;2;4;4;5;3;2;4;4;4;2;2;0,397;3;NA;1,294;0;0;NA;0;0
10396526489;2;2;1;3;2;3;3;2;4;3;3;2;3;2;3;2;2;2;2;3;2;3;3;2;5;2;0,499;4;NA;0,811;0;0;NA;0;0
10396524685;5;4;1;1;4;5;3;3;2;5;4;5;5;5;5;2;5;4;4;4;2;5;5;4;5;2;0,420;4;NA;1,357;0;0;NA;1;0
10396519878;4;4;1;1;3;3;3;2;4;3;4;3;4;4;5;4;2;2;3;3;3;3;2;5;3;3;0,359;4;NA;1,033;0;0;NA;0;0
10396518565;5;4;2;1;4;5;5;5;5;4;5;5;5;5;5;4;4;4;5;4;4;4;5;5;5;1;0,507;5;NA;1,177;0;0;NA;0;0
10396515467;4;4;2;2;4;5;4;4;4;4;5;4;4;4;4;3;4;4;5;4;4;4;4;5;5;1;0,495;4;NA;0,952;0;0;NA;0;0
10396512870;NA;4;1;1;3;3;4;4;4;4;4;3;4;4;5;4;5;4;3;3;3;4;4;4;4;2;0,491;5;NA;1,005;0;0;NA;0;0
10396509499;2;4;2;1;3;3;2;3;2;4;4;1;4;3;5;4;3;3;2;2;2;2;4;2;4;2;0,379;4;NA;1,059;0;0;NA;0;0
10396508006;2;3;1;1;2;2;2;2;2;2;2;1;1;1;4;2;2;2;2;2;2;2;2;2;2;2;0,741;11;NA;0,628;1;1;NA;0;1
10396496352;2;3;4;2;3;5;4;3;2;3;5;2;3;2;2;2;3;3;2;3;3;3;2;3;2;4;0,438;3;NA;0,909;0;0;NA;0;0
10396492145;3;4;3;2;3;3;2;3;4;3;3;3;3;2;3;3;3;3;3;3;3;3;2;3;2;3;0,613;8;NA;0,516;1;1;NA;0;1
10396489760;4;3;1;1;4;5;5;5;5;5;4;5;5;5;5;5;5;5;5;5;5;5;5;5;5;2;0,759;14;NA;1,235;1;1;NA;0;0
10396485531;2;2;1;1;5;5;5;5;5;3;4;4;5;5;5;2;4;4;4;4;5;5;5;4;5;1;0,490;5;NA;1,434;0;0;NA;1;0
10396483811;4;3;2;2;3;3;4;3;3;4;4;4;4;3;3;3;3;3;4;3;3;3;4;2;3;1;0,431;5;NA;0,766;0;0;NA;0;0
10396479928;4;4;3;2;4;5;3;4;4;4;5;3;4;3;3;5;5;3;5;5;3;2;2;5;5;1;0,341;3;NA;1,158;0;0;NA;0;0
10396471128;4;3;3;1;4;5;4;4;4;4;4;5;4;3;3;4;4;4;4;4;4;4;4;4;5;2;0,536;9;NA;0,863;0;1;NA;0;0
10396468224;4;4;1;1;3;5;4;2;2;4;3;3;4;4;5;5;5;5;4;4;4;4;3;3;5;2;0,373;4;NA;1,206;0;0;NA;0;0
10396459578;3;3;3;2;3;3;3;3;3;3;3;4;3;2;3;2;2;2;3;2;2;2;2;2;2;3;0,526;7;NA;0,571;0;0;NA;0;1
10396455683;4;3;2;5;3;3;1;4;4;2;3;5;5;5;5;2;2;2;2;3;2;3;5;5;5;5;0,445;4;NA;1,334;0;0;NA;0;0
10396454940;2;2;3;4;1;1;1;1;1;1;5;1;1;1;5;5;3;3;3;3;2;3;3;3;3;5;0,556;6;NA;1,421;0;0;NA;1;0
10396452175;2;1;1;4;2;NA;2;2;2;3;2;2;2;2;5;2;3;3;2;2;5;2;2;2;2;4;0,497;4;NA;1,044;0;0;NA;0;0
10396450546;5;4;2;1;4;3;4;5;5;4;5;5;4;4;5;5;5;5;5;5;5;5;5;5;5;1;0,585;11;NA;1,218;0;1;NA;0;0
10396448020;4;3;3;3;4;4;5;5;5;4;5;4;4;4;5;NA;5;5;5;3;3;3;4;4;4;1;0,427;3;NA;0,978;0;0;NA;0;0
10396447145;4;3;4;2;3;4;4;3;4;3;5;3;4;3;4;3;5;3;5;5;2;3;5;3;5;1;0,514;2;NA;1,065;0;0;NA;0;0
10396446991;4;4;1;2;3;4;3;3;3;3;3;4;4;3;3;4;4;4;4;3;3;3;5;4;4;2;0,505;5;NA;0,846;0;0;NA;0;0
10396446796;4;4;1;2;NA;4;3;2;4;4;4;3;3;3;5;5;4;4;4;4;3;4;5;4;4;2;0,430;4;NA;1,003;0;0;NA;0;0
10396440601;3;3;1;1;2;3;4;4;4;4;4;3;3;3;5;3;4;4;3;2;2;3;4;3;4;2;0,414;5;NA;0,993;0;0;NA;0;0
10396440531;5;4;2;1;3;4;4;5;5;5;4;5;5;5;5;4;4;3;4;4;3;5;5;5;5;2;0,483;4;NA;1,129;0;0;NA;0;0
10396438859;3;5;1;1;3;5;3;3;3;5;5;3;2;2;5;5;5;4;4;3;4;3;3;3;4;2;0,346;3;NA;1,238;0;0;NA;0;0
10396431378;3;2;2;4;3;4;4;1;3;3;3;4;4;3;4;2;2;2;3;3;2;3;4;2;2;2;0,393;3;NA;0,881;0;0;NA;0;0
10396429422;4;3;1;1;4;4;4;3;3;3;4;4;4;4;4;4;4;3;4;3;2;4;4;3;4;1;0,451;7;NA;1,011;0;0;NA;0;0
10396425178;4;4;2;3;2;4;4;3;4;2;4;3;4;3;4;5;3;3;3;2;2;4;4;4;4;1;0,358;4;NA;0,962;0;0;NA;0;0
10396422211;4;4;4;2;3;4;3;3;3;4;4;2;4;3;4;4;4;4;4;4;2;4;4;2;4;2;0,479;6;NA;0,809;0;0;NA;0;0
10396419167;4;2;2;3;2;4;3;2;2;3;4;3;4;4;5;3;2;2;3;3;2;3;5;5;5;3;0,376;3;NA;1,059;0;0;NA;0;0
10396416833;3;2;4;4;3;4;2;1;3;3;3;2;2;2;4;2;3;3;2;2;3;2;4;2;2;2;0,400;3;NA;0,846;0;0;NA;0;0
10396416782;3;4;2;1;3;3;3;2;4;3;3;3;4;3;4;4;4;4;4;3;3;3;2;4;4;2;0,437;5;NA;0,834;0;0;NA;0;0
10396410344;4;4;1;5;3;4;3;5;4;2;3;4;4;3;5;3;2;2;2;4;2;3;3;5;5;3;0,360;3;NA;1,134;0;0;NA;0;0
10396404071;4;3;1;2;3;5;3;4;4;2;3;3;5;4;5;3;3;4;3;3;2;3;4;5;5;2;0,379;2;NA;1,098;0;0;NA;0;0
10396403682;4;5;1;1;4;4;4;3;4;4;5;3;4;3;4;4;4;4;5;4;4;4;4;3;4;2;0,490;4;NA;1,018;0;0;NA;0;0
10396402212;5;5;2;1;4;5;4;4;5;5;4;5;4;4;5;5;5;5;5;4;3;4;5;4;5;1;0,496;5;NA;1,190;0;0;NA;0;0
10396401896;5;4;2;2;4;5;4;4;4;4;4;3;4;4;5;4;4;4;4;4;4;4;4;4;4;1;0,627;10;NA;0,895;1;1;NA;0;0
10396399277;4;4;2;1;4;4;4;3;3;3;3;3;4;4;4;4;4;4;4;3;2;4;4;2;4;2;0,528;7;NA;0,892;0;0;NA;0;0
10396399086;4;5;1;1;3;4;2;2;5;4;3;5;5;3;5;5;5;5;4;4;3;4;5;5;5;2;0,383;4;NA;1,327;0;0;NA;0;0
10396397019;5;5;1;1;5;5;4;4;4;4;3;3;5;5;5;3;5;5;4;5;4;4;5;5;5;2;0,414;4;NA;1,230;0;0;NA;0;0
10396390488;4;4;1;1;4;4;4;3;4;4;4;4;4;4;5;2;4;4;4;4;4;4;5;4;4;5;0,596;6;NA;0,992;0;0;NA;0;0
10396389335;3;4;4;3;2;4;3;2;4;2;3;2;4;4;3;2;2;2;3;2;3;3;5;3;2;2;0,427;3;NA;0,891;0;0;NA;0;0
10396389247;3;3;1;2;2;2;3;2;4;3;5;3;4;2;4;4;3;3;3;3;5;2;4;3;4;2;0,371;4;NA;0,999;0;0;NA;0;0
10396387596;4;4;1;1;4;4;3;2;3;5;4;4;4;4;5;4;4;3;3;4;3;3;5;4;5;2;0,413;4;NA;1,104;0;0;NA;0;0
10396386652;4;4;3;3;4;4;3;3;1;3;5;3;4;3;4;4;3;3;4;5;5;5;5;4;4;1;0,384;4;NA;1,061;0;0;NA;0;0
10396384760;2;3;3;3;3;3;3;3;3;3;3;1;3;2;3;3;2;2;2;3;2;2;3;3;3;2;0,562;10;NA;0,571;0;1;NA;0;1
10396379959;2;2;3;3;3;3;2;2;4;3;4;3;3;2;4;2;3;3;2;4;3;3;4;4;3;4;0,397;4;NA;0,748;0;0;NA;0;0
10396374260;2;2;3;NA;3;4;3;2;3;2;2;5;3;4;4;2;2;2;2;2;2;4;4;4;4;2;0,472;6;NA;0,971;0;0;NA;0;0
10396372955;4;4;2;2;3;4;4;2;4;4;3;4;4;3;4;3;4;4;4;4;3;3;4;3;4;2;0,473;4;NA;0,758;0;0;NA;0;0
10396369843;4;4;2;2;4;4;3;3;4;4;3;3;4;4;4;2;4;3;4;4;4;4;4;3;2;2;0,443;5;NA;0,804;0;0;NA;0;0
10396362628;3;3;2;3;2;3;4;4;3;2;3;2;4;3;4;2;3;3;3;3;2;4;3;4;3;2;0,441;4;NA;0,720;0;0;NA;0;0
10396358438;3;2;3;4;1;1;2;1;3;3;1;2;2;1;4;2;2;2;2;2;5;3;2;4;4;2;0,340;5;NA;1,102;0;0;NA;0;0
10396356172;2;2;3;2;3;4;3;3;2;3;2;2;4;3;3;3;3;4;3;4;3;3;2;3;2;3;0,492;4;NA;0,675;0;0;NA;0;1
10396354655;4;3;1;1;3;4;3;4;5;4;4;4;3;5;5;5;5;5;5;5;3;3;5;5;5;2;0,444;7;NA;1,243;0;0;NA;0;0
10396346058;4;4;2;2;4;4;3;3;3;3;4;3;4;4;4;3;2;2;3;5;5;5;4;5;5;2;0,354;4;NA;1,029;0;0;NA;0;0
10396343908;3;1;3;3;3;4;2;2;2;3;3;2;3;3;4;3;3;3;2;3;3;2;5;5;2;2;0,422;3;NA;0,925;0;0;NA;0;0
10396343890;5;5;1;2;4;4;4;4;4;4;5;4;5;4;4;3;4;4;4;5;5;4;5;4;4;2;0,504;6;NA;0,999;0;0;NA;0;0
10396342415;3;3;4;4;3;3;3;3;3;3;3;3;3;3;3;2;3;3;3;3;3;3;3;3;3;3;0,811;11;NA;0,344;1;1;NA;0;1
10396341721;4;4;2;2;3;4;4;3;3;4;4;3;4;3;4;3;4;4;3;4;4;2;2;2;2;2;0,565;5;NA;0,849;0;0;NA;0;0
10396337790;5;4;2;2;4;4;5;4;4;4;4;3;4;4;4;5;4;4;5;4;3;4;5;4;4;1;0,535;4;NA;0,967;0;0;NA;0;0
10396335603;4;2;1;1;4;4;3;3;4;3;2;3;4;4;4;4;2;2;2;3;2;2;4;3;4;2;0,355;4;NA;1,017;0;0;NA;0;0
10396334799;4;3;2;1;3;4;4;3;3;4;5;3;4;3;5;3;4;5;3;4;4;4;2;4;5;4;0,432;3;NA;0,987;0;0;NA;0;0
10396333873;3;3;3;2;2;3;3;1;1;3;3;2;3;2;4;3;3;3;2;2;3;2;2;5;2;3;0,447;3;NA;0,852;0;0;NA;0;0
10396333686;3;4;4;4;2;3;3;4;4;4;3;2;3;2;4;2;3;5;5;5;2;3;5;4;4;2;0,426;3;NA;1,027;0;0;NA;0;0
10396333279;2;2;3;1;2;2;2;2;3;2;3;3;3;2;4;2;2;2;2;2;2;2;4;4;3;2;0,475;7;NA;0,758;0;0;NA;0;0
10396331272;4;5;2;2;4;4;4;3;4;4;4;3;4;4;5;3;4;4;4;4;2;4;4;3;5;2;0,487;4;NA;0,892;0;0;NA;0;0
10396330948;3;2;1;1;2;4;4;2;3;3;2;3;5;3;4;2;3;3;4;4;2;4;4;4;4;3;0,403;4;NA;1,038;0;0;NA;0;0
10396326992;3;3;3;3;2;4;3;2;3;3;4;2;3;3;4;2;3;2;4;3;2;3;4;3;4;3;0,442;4;NA;0,693;0;0;NA;0;0
10396324384;2;3;1;2;3;4;3;2;3;4;3;2;4;4;4;3;2;2;2;2;2;2;5;5;3;1;0,425;6;NA;1,096;0;0;NA;0;0
10396323715;4;3;1;2;3;4;4;3;3;4;4;3;4;3;4;3;4;4;4;4;3;4;4;3;4;2;0,552;4;NA;0,804;0;0;NA;0;0
10396323004;5;5;1;1;4;4;4;3;4;5;5;4;4;4;5;3;5;4;4;4;4;4;5;4;4;2;0,429;5;NA;1,107;0;0;NA;0;0
10396322005;5;4;1;2;5;5;4;3;4;5;5;5;5;4;5;5;5;4;4;4;4;4;5;4;5;2;0,463;5;NA;1,084;0;0;NA;0;0
10396321508;4;3;3;2;3;3;4;3;3;3;5;5;5;4;5;4;3;3;3;4;2;3;3;3;4;2;0,484;3;NA;0,902;0;0;NA;0;0
10396321440;4;3;1;2;3;5;3;3;3;3;3;4;4;4;5;4;3;4;4;5;3;4;3;4;3;2;0,403;5;NA;0,945;0;0;NA;0;0
10396321149;4;2;2;2;2;3;3;2;4;2;2;3;2;1;2;2;2;2;2;3;2;5;3;4;5;3;0,492;5;NA;1,018;0;0;NA;0;0
10396319536;4;3;2;3;4;4;3;3;2;4;3;5;5;4;4;3;4;4;4;5;3;3;5;3;2;2;0,340;3;NA;0,949;0;0;NA;0;0
10396312241;4;3;2;3;3;4;4;4;3;4;4;2;3;2;4;4;4;4;4;4;4;3;3;3;3;3;0,493;7;NA;0,697;0;0;NA;0;0
10396312212;4;3;2;4;2;3;2;3;4;3;1;3;5;2;3;3;2;2;2;4;2;4;5;5;2;5;0,355;3;NA;1,164;0;0;NA;0;0
10396310948;4;4;1;1;4;4;3;2;4;3;5;3;4;4;5;4;4;4;4;4;4;4;2;2;5;2;0,411;7;NA;1,140;0;0;NA;0;0
10396308889;4;5;1;1;4;3;4;2;3;4;3;4;4;4;4;4;4;4;4;4;2;3;4;5;3;2;0,513;9;NA;1,065;0;1;NA;0;0
10396308864;4;3;1;1;3;4;4;3;4;4;3;3;4;3;4;3;4;4;4;4;3;3;4;4;3;2;0,470;4;NA;0,884;0;0;NA;0;0
10396305880;4;5;3;2;4;4;4;3;3;3;4;4;4;4;5;2;4;4;4;5;3;4;4;3;4;2;0,463;4;NA;0,846;0;0;NA;0;0
10396305420;4;5;1;1;3;4;3;4;4;3;5;3;3;4;5;4;4;4;4;4;4;3;4;4;4;2;0,423;6;NA;1,027;0;0;NA;0;0
10396298525;4;4;1;3;2;4;4;3;4;3;5;2;3;4;4;4;4;5;2;2;5;5;3;3;2;3;0,360;4;NA;1,098;0;0;NA;0;0
10396297563;4;4;2;1;3;3;4;4;3;4;3;5;4;3;5;2;3;3;3;2;3;2;4;5;4;3;0,370;3;NA;1,011;0;0;NA;0;0
10396295777;4;4;1;2;4;5;3;3;3;2;5;3;5;4;5;4;2;2;3;4;4;4;3;4;4;2;0,331;3;NA;1,102;0;0;NA;0;0
10396294757;4;5;1;1;3;4;4;3;3;4;4;3;4;3;5;5;5;5;4;4;5;4;4;4;4;2;0,388;4;NA;1,116;0;0;NA;0;0
10396285880;5;5;1;1;4;4;4;4;4;5;5;5;5;5;5;4;5;5;5;4;5;4;4;4;4;1;0,501;6;NA;1,243;0;0;NA;0;0
10396281505;4;4;2;2;4;4;4;4;4;3;3;4;4;3;5;5;5;5;4;4;4;3;5;5;5;2;0,501;5;NA;0,952;0;0;NA;0;0
10396281128;5;5;2;2;4;5;4;4;4;4;5;5;4;5;5;2;5;5;5;5;3;4;5;5;3;3;0,411;4;NA;1,047;0;0;NA;0;0
10396279386;4;4;2;1;4;5;4;1;3;4;5;3;4;3;5;5;5;5;5;5;4;5;5;2;5;2;0,385;6;NA;1,317;0;0;NA;0;0
10396279356;4;4;1;1;3;5;4;1;1;4;3;2;4;2;5;2;5;5;4;5;5;4;3;5;5;2;0,366;2;NA;1,474;0;0;NA;1;0
10396275951;4;4;2;1;3;4;4;4;3;3;4;2;3;2;4;3;4;4;3;4;2;3;4;4;2;3;0,449;3;NA;0,895;0;0;NA;0;0
10396275928;5;5;1;1;4;5;4;4;5;5;5;5;4;4;5;5;5;5;5;5;5;5;5;5;5;1;0,597;11;NA;1,294;0;1;NA;0;0
10396274047;5;4;1;1;4;5;4;3;4;5;4;4;4;4;5;4;5;5;4;5;4;5;5;5;4;1;0,479;4;NA;1,233;0;0;NA;0;0
10396273840;3;3;4;1;4;5;5;3;2;5;3;3;5;3;5;4;5;5;4;4;4;3;3;4;5;1;0,346;3;NA;1,192;0;0;NA;0;0
10396269605;3;2;3;4;3;2;4;2;3;3;3;3;3;3;4;3;3;2;3;3;3;4;3;2;3;3;0,501;6;NA;0,599;0;0;NA;0;1
10396261141;4;4;1;2;4;5;5;3;4;4;4;4;5;5;5;5;5;5;4;4;4;4;5;4;5;2;0,508;6;NA;1,055;0;0;NA;0;0
10396260399;4;4;2;1;3;5;4;2;2;3;4;5;5;4;4;3;3;3;4;4;4;3;4;4;4;2;0,407;3;NA;1,029;0;0;NA;0;0
10396259100;4;5;2;1;4;5;5;2;5;5;5;4;5;4;4;5;5;5;5;5;5;5;5;5;4;2;0,535;9;NA;1,185;0;1;NA;0;0
10396255575;5;4;2;1;4;5;4;4;4;4;5;5;5;4;5;4;4;4;4;4;3;4;4;4;5;2;0,504;5;NA;0,999;0;0;NA;0;0
10396255273;5;4;2;1;4;5;4;3;4;5;5;5;5;4;5;4;4;4;5;4;3;4;5;5;5;1;0,481;4;NA;1,183;0;0;NA;0;0
10396255241;4;3;2;4;3;5;5;3;3;3;2;3;5;5;4;4;3;4;3;3;3;4;5;5;3;2;0,373;3;NA;0,987;0;0;NA;0;0
10396254222;4;4;2;2;4;5;4;3;5;3;3;4;4;3;5;4;4;4;4;4;4;4;5;5;5;2;0,391;7;NA;0,925;0;0;NA;0;0
10396251646;2;2;1;1;3;3;3;2;4;3;2;3;3;3;5;2;2;2;2;2;2;2;3;4;2;5;0,417;7;NA;1,023;0;0;NA;0;0
10396250251;4;4;1;1;4;5;4;4;4;4;4;4;4;3;5;4;4;4;4;4;4;4;4;4;4;2;0,680;10;NA;0,962;1;1;NA;0;0
10396248594;4;4;2;2;3;3;4;2;3;3;4;3;3;2;4;4;5;5;4;4;2;4;4;4;4;2;0,385;4;NA;0,941;0;0;NA;0;0
10396247490;5;5;2;1;4;5;5;2;5;5;5;5;5;5;5;5;5;4;5;4;5;5;4;4;4;1;0,508;9;NA;1,275;0;1;NA;0;0
10396245914;3;3;2;4;4;4;3;4;4;3;4;3;3;3;5;3;3;4;3;2;3;2;4;4;4;2;0,402;3;NA;0,788;0;0;NA;0;0
10396240282;4;5;2;1;3;5;4;4;5;4;3;5;4;4;4;3;4;3;4;3;4;3;4;4;3;2;0,487;3;NA;0,983;0;0;NA;0;0
10396233929;4;4;4;4;3;4;4;3;3;3;3;5;3;3;4;5;4;4;4;4;4;4;4;4;4;2;0,535;9;NA;0,667;0;1;NA;0;1
10396232246;5;5;1;1;4;4;4;4;5;5;5;4;5;4;5;4;4;3;4;5;2;4;5;3;5;2;0,384;4;NA;1,230;0;0;NA;0;0
10396230071;NA;3;3;4;3;4;2;3;4;2;5;5;4;2;5;2;3;3;3;4;4;4;4;4;4;2;0,471;6;NA;0,961;0;0;NA;0;0
10396228659;4;4;1;1;4;5;4;4;3;5;3;3;4;4;5;3;4;4;4;5;4;5;4;3;4;2;0,377;3;NA;1,087;0;0;NA;0;0
10396228287;4;4;3;2;3;5;4;3;3;2;3;3;4;4;5;4;4;4;4;3;2;3;4;2;3;2;0,495;4;NA;0,892;0;0;NA;0;0
10396227865;5;5;2;4;4;4;4;3;4;4;4;5;5;4;5;4;4;4;4;3;3;4;4;3;4;2;0,465;4;NA;0,816;0;0;NA;0;0
10396226910;1;3;3;1;1;2;2;1;2;2;3;2;4;2;4;2;2;2;2;2;2;2;2;4;2;3;0,473;8;NA;0,863;0;1;NA;0;0
10396223340;3;3;1;1;3;3;4;2;2;4;4;3;4;3;5;4;4;4;4;4;3;5;4;2;3;2;0,382;5;NA;1,070;0;0;NA;0;0
10396219072;5;4;1;1;4;4;3;3;4;5;5;5;5;3;5;3;4;4;4;4;4;4;5;5;5;1;0,406;6;NA;1,255;0;0;NA;0;0
10396217073;3;2;1;1;3;3;3;3;2;3;2;3;2;2;4;3;2;2;2;2;3;2;3;2;3;2;0,502;4;NA;0,703;0;0;NA;0;0
10396213225;3;4;2;1;4;4;4;4;4;5;4;3;5;4;5;5;5;5;5;5;5;5;5;5;5;1;0,553;11;NA;1,211;0;1;NA;0;0
10396209735;4;4;2;1;3;4;4;3;3;4;4;2;3;2;4;4;4;4;4;4;3;4;3;3;3;2;0,427;6;NA;0,874;0;0;NA;0;0
10396208176;4;4;2;2;4;4;3;3;4;4;4;4;4;3;5;4;3;3;4;4;4;4;4;4;4;3;0,531;7;NA;0,689;0;0;NA;0;0
10396206989;3;4;2;1;1;3;4;1;3;3;4;3;3;1;5;4;4;4;NA;2;2;2;4;5;4;2;0,393;3;NA;1,241;0;0;NA;0;0
10396201692;4;4;3;2;3;4;2;3;3;3;3;4;4;3;5;5;4;4;3;2;2;2;2;2;2;4;0,389;6;NA;0,967;0;0;NA;0;0
10396201632;3;3;2;3;4;5;3;5;3;3;4;4;4;3;4;2;2;2;4;3;5;4;4;5;5;2;0,296;3;NA;1,030;0;0;NA;0;0
10396200436;4;4;1;1;2;2;3;3;4;4;3;4;4;4;5;5;4;4;2;2;2;2;4;4;4;3;0,453;4;NA;1,142;0;0;NA;0;0
10396196699;5;5;1;2;4;4;4;4;4;4;4;5;5;4;5;4;4;4;4;4;4;4;4;4;4;1;0,663;10;NA;1,033;1;1;NA;0;0
10396195996;5;4;1;1;4;4;3;2;2;4;3;4;4;3;4;4;2;2;2;3;2;4;4;3;3;5;0,376;3;NA;1,120;0;0;NA;0;0
10396193780;3;3;3;3;3;4;4;3;4;3;3;3;4;2;3;3;4;4;4;4;2;2;4;2;3;1;0,409;5;NA;0,816;0;0;NA;0;0
10396192857;4;3;2;1;2;3;4;3;4;3;2;5;4;4;5;4;5;5;3;4;5;5;4;5;5;1;0,414;2;NA;1,263;0;0;NA;0;0
10396191333;5;5;1;1;4;4;4;1;4;4;4;5;4;4;5;3;4;4;5;5;3;4;5;3;5;2;0,406;3;NA;1,275;0;0;NA;0;0
10396188032;4;4;2;2;4;5;4;3;3;4;5;5;4;4;5;4;4;4;4;4;5;4;4;4;4;4;0,511;5;NA;0,774;0;0;NA;0;0
10396187018;1;2;4;4;1;2;3;2;2;2;3;2;3;1;2;2;2;2;2;2;2;2;2;3;2;3;0,575;9;NA;0,765;0;1;NA;0;0
10396185096;4;2;1;1;4;5;5;5;2;5;5;2;4;4;4;4;5;5;4;2;4;4;5;2;5;5;0,396;4;NA;1,366;0;0;NA;1;0
10396185009;4;3;1;1;3;4;3;4;4;4;4;4;4;3;4;2;4;4;3;2;2;3;4;4;4;2;0,440;6;NA;0,992;0;0;NA;0;0
10396184624;4;4;2;1;4;5;4;3;4;4;4;5;4;4;5;4;4;4;4;5;4;4;5;4;5;1;0,548;4;NA;1,071;0;0;NA;0;0
10396180170;5;4;1;1;4;5;4;5;4;5;4;4;5;3;5;4;5;5;5;4;4;4;4;5;5;1;0,444;4;NA;1,248;0;0;NA;0;0
10396179900;4;4;1;3;4;4;4;2;4;4;4;4;4;4;5;4;4;4;4;4;5;4;4;4;4;1;0,668;6;NA;0,962;1;0;NA;0;0
10396179653;4;4;3;1;4;5;4;3;4;4;4;3;4;4;5;4;4;4;4;4;3;4;4;4;3;2;0,512;5;NA;0,838;0;0;NA;0;0
10396179021;4;3;1;2;4;5;4;2;1;4;4;4;4;5;5;2;4;4;4;5;2;5;5;5;5;1;0,394;4;NA;1,388;0;0;NA;1;0
10396177287;2;4;2;2;2;4;5;2;4;3;4;3;2;1;4;2;4;5;2;5;5;5;2;3;5;5;0,382;3;NA;1,325;0;0;NA;0;0
10396176696;2;3;3;2;3;2;4;4;4;3;4;1;5;3;4;4;4;4;2;2;2;2;4;2;2;2;0,436;4;NA;1,038;0;0;NA;0;0
10396175214;4;4;2;1;4;3;4;2;3;4;4;3;3;3;2;4;NA;3;4;3;3;4;3;2;2;2;0,376;3;NA;0,889;0;0;NA;0;0
10396174816;4;3;2;2;3;3;2;3;3;3;4;4;4;2;4;2;2;2;2;2;2;2;2;4;4;2;0,442;8;NA;0,863;0;1;NA;0;0
10396174279;4;4;1;2;3;3;4;3;3;3;4;4;4;4;5;4;4;4;4;4;2;2;4;4;4;2;0,509;5;NA;0,945;0;0;NA;0;0
10396173169;5;5;3;2;4;4;4;1;3;4;3;4;5;5;4;3;4;4;4;4;4;4;3;4;3;2;0,479;6;NA;0,977;0;0;NA;0;0
10396169532;4;4;3;2;4;5;4;3;4;3;4;4;4;4;4;2;3;3;4;4;4;4;5;4;4;2;0,453;5;NA;0,797;0;0;NA;0;0
10396167851;2;2;2;2;2;2;2;3;2;3;3;2;2;2;2;2;2;2;2;3;2;5;2;4;2;3;0,574;8;NA;0,752;0;1;NA;0;0
10396167315;4;4;1;2;4;5;4;3;4;5;5;5;5;4;5;5;4;4;4;4;5;5;5;5;5;2;0,503;5;NA;1,084;0;0;NA;0;0
10396164000;4;4;1;1;3;5;4;2;4;4;4;3;4;3;4;2;4;4;4;4;2;4;4;4;4;2;0,522;4;NA;1,061;0;0;NA;0;0
10396163456;4;3;1;NA;3;3;2;2;2;2;3;3;4;2;4;4;3;4;3;2;5;2;2;3;4;4;0,413;4;NA;0,978;0;0;NA;0;0
10396162828;4;4;1;1;4;3;3;4;4;4;4;5;5;5;5;4;4;4;4;4;4;5;5;5;4;2;0,497;6;NA;1,107;0;0;NA;0;0
10396162455;4;4;2;1;4;2;3;3;4;3;4;5;4;4;5;2;2;4;3;4;5;3;4;4;4;2;0,383;3;NA;1,065;0;0;NA;0;0
10396160086;5;5;3;2;NA;4;5;5;1;5;5;5;5;3;4;5;5;5;5;5;5;3;2;5;5;1;0,602;6;NA;1,364;1;0;NA;1;0
10396156924;5;5;1;1;4;5;4;3;4;4;5;5;5;4;5;5;5;5;5;5;4;4;5;5;5;1;0,501;6;NA;1,297;0;0;NA;0;0
10396151819;5;5;1;2;4;4;5;3;3;5;4;4;3;4;5;4;5;4;4;4;4;3;3;4;4;1;0,399;4;NA;1,116;0;0;NA;0;0
10396151810;4;3;3;3;2;2;2;1;1;2;1;2;3;2;2;2;5;5;5;5;5;5;3;5;5;5;0,539;6;NA;1,497;0;0;NA;1;0
10396148676;4;5;1;1;4;5;2;2;4;5;5;3;4;4;5;5;5;4;4;4;4;4;4;3;3;1;0,387;6;NA;1,294;0;0;NA;0;0
10396148026;4;2;4;3;4;5;4;1;3;4;1;4;4;4;5;3;2;2;2;3;3;3;5;5;5;4;0,309;3;NA;1,206;0;0;NA;0;0
10396147226;4;4;3;1;4;4;3;3;3;4;3;3;3;3;4;3;4;4;4;3;3;3;NA;3;4;2;0,454;4;NA;0,737;0;0;NA;0;0
10396145298;NA;2;1;1;2;5;3;4;5;4;NA;2;4;1;5;5;3;2;4;4;3;3;5;4;4;3;0,355;2;NA;1,334;0;0;NA;0;0
10396145206;5;4;3;2;3;4;4;2;2;4;5;3;3;4;5;4;5;5;5;4;4;4;5;4;5;1;0,354;3;NA;1,132;0;0;NA;0;0
10396142358;4;4;2;2;3;3;3;1;3;3;3;5;5;3;5;5;4;4;3;3;3;3;2;4;4;1;0,420;4;NA;1,116;0;0;NA;0;0
10396141486;4;4;3;2;3;5;3;4;3;4;4;3;4;3;5;4;5;4;3;4;4;4;4;4;2;3;0,461;5;NA;0,797;0;0;NA;0;0
10396139162;4;4;2;1;4;5;5;4;4;3;5;4;4;4;5;5;5;4;5;5;4;5;5;4;3;2;0,455;3;NA;1,076;0;0;NA;0;0
10396138313;4;4;1;2;4;5;2;3;2;3;1;4;5;4;5;5;4;5;4;4;4;4;4;3;4;2;0,381;5;NA;1,208;0;0;NA;0;0
10396138178;2;1;3;3;2;1;1;1;2;2;2;3;5;4;3;2;2;2;2;2;4;2;3;3;4;4;0,370;5;NA;1,068;0;0;NA;0;0
10396136050;4;3;4;4;3;3;3;3;3;3;3;4;4;2;3;2;2;2;4;3;3;3;4;4;4;2;0,436;7;NA;0,732;0;0;NA;0;0
10396135539;4;5;1;1;4;4;4;3;3;3;4;3;4;5;4;4;4;4;4;3;3;2;2;4;3;2;0,404;5;NA;1,056;0;0;NA;0;0
10396134464;4;2;4;3;3;5;4;3;3;3;2;5;5;4;5;2;3;3;3;2;2;3;5;5;3;2;0,335;3;NA;1,098;0;0;NA;0;0
10396133782;3;2;3;3;4;3;1;1;1;3;4;5;3;4;5;3;2;5;2;2;5;5;3;3;5;3;0,398;3;NA;1,297;0;0;NA;0;0
10396133427;4;3;3;2;4;3;2;3;3;4;3;4;4;4;4;3;3;2;2;4;5;5;5;3;5;2;0,352;4;NA;0,987;0;0;NA;0;0
10396132902;4;3;3;1;4;4;4;2;4;3;2;4;4;4;4;5;4;4;5;3;2;3;4;2;2;1;0,352;4;NA;1,116;0;0;NA;0;0
10396132263;3;4;1;2;3;4;2;2;3;4;4;3;4;4;4;2;4;4;4;3;3;3;4;4;5;2;0,459;3;NA;0,962;0;0;NA;0;0
10396132022;3;3;4;3;2;2;2;4;3;2;2;3;3;2;3;2;2;2;2;2;2;2;4;3;4;3;0,554;7;NA;0,745;0;0;NA;0;0
10396131623;3;4;2;2;3;3;2;2;3;2;3;3;4;3;5;4;2;3;2;4;2;2;4;4;3;3;0,364;2;NA;0,871;0;0;NA;0;0
10396131404;5;5;1;2;4;5;4;4;4;3;5;3;3;2;5;2;2;5;5;4;4;4;5;5;5;4;0,372;3;NA;1,223;0;0;NA;0;0
10396130890;4;4;2;1;3;4;3;3;4;4;4;4;3;4;4;4;4;4;4;4;3;4;4;4;3;2;0,579;7;NA;0,812;0;0;NA;0;0
10396128641;5;5;1;1;5;1;5;5;4;5;5;5;4;4;5;4;5;5;5;5;5;5;4;4;4;2;0,445;6;NA;1,347;0;0;NA;1;0
10396128375;5;4;4;3;3;4;4;3;4;4;3;4;4;3;5;4;4;4;4;3;2;4;4;5;5;2;0,437;4;NA;0,815;0;0;NA;0;0
10396126641;4;4;2;3;3;NA;5;2;2;2;2;2;3;2;4;2;3;3;4;4;3;2;3;2;2;2;0,430;5;NA;0,913;0;0;NA;0;0
10396126461;4;4;1;2;3;4;5;4;5;5;4;4;4;4;5;5;5;5;5;5;4;4;4;4;4;2;0,551;6;NA;1,038;0;0;NA;0;0
10396126289;4;4;1;2;3;3;4;3;4;5;3;3;3;2;5;4;4;4;3;2;2;2;4;3;3;2;0,365;3;NA;1,008;0;0;NA;0;0
10396125407;3;3;2;1;NA;3;3;3;3;3;3;3;4;4;4;2;3;3;3;2;2;2;2;4;4;2;0,551;7;NA;0,800;0;0;NA;0;0
10396124889;2;3;1;3;3;4;4;2;3;3;3;2;4;3;2;5;4;4;3;4;5;3;2;5;5;2;0,321;3;NA;1,107;0;0;NA;0;0
10396124724;4;4;2;2;3;4;5;3;4;3;4;4;5;3;4;4;4;4;4;3;3;2;4;4;4;2;0,457;5;NA;0,859;0;0;NA;0;0
10396121532;4;4;1;1;4;5;4;3;4;5;5;3;4;4;5;5;5;5;5;4;4;4;4;3;4;1;0,450;5;NA;1,223;0;0;NA;0;0
10396121299;5;4;1;1;4;5;4;3;4;5;5;5;5;4;5;5;5;5;5;5;5;5;4;5;5;1;0,545;8;NA;1,306;0;1;NA;0;0
10396119851;4;3;2;1;3;4;4;4;3;3;3;4;4;3;5;2;3;3;3;4;3;4;5;4;4;3;0,424;3;NA;0,898;0;0;NA;0;0
10396117514;5;4;1;2;4;5;5;3;4;5;4;5;5;5;5;5;5;5;4;5;5;5;5;5;5;2;0,621;7;NA;1,129;1;0;NA;0;0
10396113028;2;2;3;2;4;4;4;2;1;3;3;3;4;3;3;4;4;4;4;4;2;4;3;3;5;2;0,422;5;NA;0,967;0;0;NA;0;0
10396107639;4;4;2;2;4;4;4;4;3;4;4;4;4;4;5;4;4;4;4;4;4;4;4;3;4;2;0,628;8;NA;0,724;1;1;NA;0;0
10396106048;2;3;2;2;2;3;4;2;4;4;4;3;4;2;4;2;3;3;3;2;2;2;2;3;3;3;0,377;4;NA;0,801;0;0;NA;0;0
10396105951;4;4;1;1;4;4;4;3;4;4;5;5;4;4;5;4;4;4;5;4;4;4;4;4;4;1;0,531;6;NA;1,107;0;0;NA;0;0
10396105108;4;4;1;1;4;4;4;3;4;4;4;4;4;4;5;4;5;5;5;4;4;4;4;4;4;2;0,551;6;NA;1,021;0;0;NA;0;0
10396104876;4;4;1;4;4;4;4;4;3;4;4;4;3;3;4;4;4;4;4;3;3;3;3;4;3;2;0,515;5;NA;0,762;0;0;NA;0;0
10396104322;4;4;1;1;4;4;4;4;3;4;5;5;4;4;4;4;4;4;4;4;3;4;5;4;5;2;0,498;8;NA;1,032;0;1;NA;0;0
10396102475;4;5;1;2;4;5;4;1;3;5;4;5;5;3;3;4;5;5;5;5;5;5;4;4;3;2;0,399;6;NA;1,275;0;0;NA;0;0
10396102187;3;3;2;2;2;1;3;3;3;3;5;5;3;2;5;2;4;4;3;3;4;3;3;4;2;2;0,384;4;NA;1,038;0;0;NA;0;0
10396100669;3;4;2;4;3;2;3;2;4;3;4;3;3;4;5;3;2;2;2;3;2;2;5;3;4;4;0,397;3;NA;0,952;0;0;NA;0;0
10396099265;4;3;3;1;4;5;4;3;4;4;4;2;3;2;5;4;4;4;4;4;3;4;4;4;3;4;0,474;5;NA;0,902;0;0;NA;0;0
10396098794;5;4;2;2;4;4;4;4;4;4;4;4;4;4;4;4;4;4;4;3;3;3;5;5;5;1;0,662;15;NA;0,951;1;1;NA;0;0
10396098280;4;4;2;3;3;3;2;3;4;4;4;3;4;4;5;4;4;3;4;3;2;3;4;4;4;2;0,474;3;NA;0,809;0;0;NA;0;0
10396097700;4;4;1;1;3;4;4;3;4;5;5;5;4;3;5;3;4;4;4;4;4;4;4;4;5;4;0,469;8;NA;1,021;0;1;NA;0;0
10396097364;4;4;2;1;2;3;4;3;4;3;4;1;4;4;5;5;4;4;4;3;4;2;5;5;5;2;0,441;3;NA;1,208;0;0;NA;0;0
10396096495;4;4;1;1;4;4;4;4;4;4;4;4;4;4;4;3;4;4;4;4;4;4;4;4;4;2;0,742;11;NA;0,892;1;1;NA;0;0
10396096186;5;4;1;2;4;4;4;3;4;3;4;5;5;5;5;3;4;3;4;5;4;4;4;5;5;2;0,477;4;NA;1,071;0;0;NA;0;0
10396096010;4;4;2;3;3;4;3;2;4;4;4;3;4;3;4;2;4;4;4;3;3;3;5;4;4;2;0,394;3;NA;0,809;0;0;NA;0;0
10396094436;4;5;1;2;3;5;4;3;5;4;5;3;4;3;5;4;4;5;5;4;5;4;5;4;4;3;0,505;2;NA;1,038;0;0;NA;0;0
10396093765;4;4;1;1;3;5;4;3;4;4;5;4;4;3;5;4;4;4;4;4;4;4;4;4;4;2;0,582;10;NA;1,011;0;1;NA;0;0
10396093501;3;1;4;4;2;5;4;2;3;3;4;2;2;2;4;2;2;2;5;2;3;3;3;2;5;4;0,443;3;NA;1,131;0;0;NA;0;0
10396091570;4;4;1;1;3;5;4;5;4;4;5;3;4;4;5;3;4;4;4;4;4;5;3;4;3;1;0,438;5;NA;1,164;0;0;NA;0;0
10396090284;4;3;3;1;3;5;5;3;2;4;3;3;3;4;4;2;4;3;4;4;3;4;3;2;5;4;0,393;3;NA;0,983;0;0;NA;0;0
10396087437;4;4;2;1;4;3;3;3;4;2;4;5;3;4;5;2;2;2;2;3;2;4;5;4;2;3;0,342;4;NA;1,120;0;0;NA;0;0
10396086300;5;4;1;2;2;4;4;1;4;5;5;2;1;1;5;5;5;5;5;5;4;4;4;2;4;1;0,382;6;NA;1,581;0;0;NA;1;0
10396085987;4;3;1;2;4;4;3;3;4;3;4;4;4;4;5;3;3;3;3;4;4;4;5;5;4;3;0,437;4;NA;0,902;0;0;NA;0;0
10396085971;1;3;2;1;2;2;3;2;1;2;1;2;2;2;4;2;2;2;2;3;3;2;5;3;5;3;0,465;4;NA;1,061;0;0;NA;0;0
10396084844;5;5;1;1;4;4;3;3;4;4;4;3;3;3;5;3;4;4;4;3;4;3;4;3;4;1;0,421;3;NA;1,102;0;0;NA;0;0
10396084760;4;4;1;1;4;3;3;4;4;3;5;3;4;3;4;3;4;4;4;3;4;4;4;4;4;2;0,477;5;NA;0,948;0;0;NA;0;0
10396084178;4;3;2;1;4;5;4;4;4;3;4;4;4;3;4;3;4;4;4;4;4;4;4;4;4;1;0,580;9;NA;0,945;0;1;NA;0;0
10396083984;4;4;2;1;3;5;3;2;4;3;3;3;4;4;2;4;2;3;4;2;2;3;5;5;5;3;0,381;3;NA;1,116;0;0;NA;0;0
10396082969;5;5;2;2;5;4;5;3;4;4;5;5;4;4;5;4;4;4;4;4;3;4;2;5;5;2;0,420;5;NA;1,038;0;0;NA;0;0
10396082437;4;4;1;2;3;4;4;3;3;4;4;3;4;4;5;4;4;4;4;4;4;4;4;4;4;1;0,616;10;NA;0,945;1;1;NA;0;0
10396082223;4;4;1;1;3;3;4;2;4;5;4;3;4;2;4;4;4;3;4;3;4;4;4;4;4;2;0,480;5;NA;1,023;0;0;NA;0;0
10396081437;2;1;1;1;3;2;2;3;3;3;3;3;3;3;4;5;2;3;2;3;5;3;5;5;5;2;0,430;7;NA;1,248;0;0;NA;0;0
10396081392;3;3;4;4;3;2;3;3;2;3;2;3;3;3;4;3;3;3;3;4;2;3;3;4;4;3;0,491;4;NA;0,628;0;0;NA;0;1
10396081135;3;2;1;1;2;3;3;1;3;3;1;2;4;2;2;4;4;4;NA;3;3;4;4;4;2;2;0,372;3;NA;1,069;0;0;NA;0;0
10396080885;4;3;2;1;3;3;3;2;3;3;4;4;4;2;5;4;4;4;4;5;3;5;5;4;5;2;0,359;4;NA;1,105;0;0;NA;0;0
10396080213;3;3;2;3;3;3;3;2;3;3;2;2;3;3;4;3;3;3;3;3;3;3;2;4;4;3;0,533;7;NA;0,560;0;0;NA;0;1
10396079530;4;4;3;3;3;4;4;3;4;4;4;3;4;3;4;4;4;4;4;4;3;4;4;4;4;2;0,543;6;NA;0,562;0;0;NA;0;1
10396079372;4;4;1;5;5;5;3;2;4;5;5;5;5;5;5;2;5;5;5;4;5;5;3;3;3;1;0,503;6;NA;1,327;0;0;NA;0;0
10396079190;4;4;1;2;4;4;4;4;4;4;4;4;4;4;5;2;4;5;4;4;4;4;4;4;5;2;0,681;10;NA;0,951;1;1;NA;0;0
10396078054;5;4;2;2;4;4;4;3;4;4;4;5;5;5;4;4;4;4;4;4;3;4;4;4;4;1;0,555;6;NA;0,939;0;0;NA;0;0
10396078033;4;4;2;1;3;4;4;3;4;3;4;3;4;4;4;4;3;4;4;4;3;4;4;4;4;2;0,624;4;NA;0,812;1;0;NA;0;0
10396078021;4;4;1;1;4;5;4;3;4;4;4;4;5;4;4;5;4;4;5;4;5;4;3;5;3;2;0,442;4;NA;1,096;0;0;NA;0;0
10396077737;3;3;1;2;3;4;3;2;3;3;3;3;3;3;4;4;3;2;3;3;3;3;3;4;4;2;0,517;6;NA;0,720;0;0;NA;0;0
10396077492;3;5;2;5;3;3;3;3;4;3;2;3;4;4;5;4;4;3;3;3;2;3;5;5;5;4;0,340;4;NA;0,987;0;0;NA;0;0
10396074714;4;4;1;1;4;4;4;3;4;5;4;4;4;4;5;3;4;4;4;4;4;5;4;4;4;1;0,538;5;NA;1,087;0;0;NA;0;0
10396074503;4;4;1;1;4;4;4;3;3;5;5;3;4;4;4;5;5;4;4;5;5;4;4;4;5;1;0,396;3;NA;1,201;0;0;NA;0;0
10396074107;3;4;2;2;2;4;3;3;2;4;4;1;3;3;5;2;4;4;4;4;3;3;NA;2;4;2;0,439;4;NA;0,997;0;0;NA;0;0
10396073909;3;5;2;1;2;1;4;4;2;3;5;3;4;2;5;3;4;4;4;2;3;2;2;3;4;4;0,429;3;NA;1,177;0;0;NA;0;0
10396073090;3;3;3;2;3;4;4;3;3;4;4;2;5;3;4;4;4;4;4;3;3;2;3;2;2;3;0,446;5;NA;0,815;0;0;NA;0;0
10396072260;4;4;1;1;4;4;4;4;4;4;5;5;5;4;5;4;4;4;4;4;4;4;4;4;4;1;0,611;10;NA;1,096;1;1;NA;0;0
10396072161;4;4;2;1;3;4;4;4;5;4;4;5;5;4;5;3;4;4;4;4;3;5;4;4;4;3;0,488;4;NA;0,925;0;0;NA;0;0
10396070825;2;1;1;1;4;5;1;3;4;3;3;3;2;2;2;2;2;3;3;2;2;5;5;5;5;2;0,421;5;NA;1,357;0;0;NA;1;0
10396069123;3;4;1;1;2;2;2;1;2;2;3;3;3;3;5;2;3;5;2;5;5;5;5;5;5;3;0,436;6;NA;1,434;0;0;NA;1;0
10396067219;3;3;3;3;3;3;3;3;3;3;3;1;2;2;2;2;2;2;2;2;4;2;4;2;2;2;0,796;11;NA;0,706;1;1;NA;0;0
10396067112;3;3;2;1;3;2;3;3;4;2;3;2;4;3;4;3;3;3;2;3;3;5;2;3;3;5;0,438;3;NA;0,916;0;0;NA;0;0
10396066935;5;5;1;1;3;5;3;4;4;3;3;1;5;4;5;4;3;2;3;4;3;3;4;2;3;2;0,340;2;NA;1,251;0;0;NA;0;0
10396066563;4;4;2;2;4;4;4;4;4;4;4;4;4;4;4;3;4;4;4;4;3;4;4;4;4;2;0,686;11;NA;0,679;1;1;NA;0;1
10396066139;4;3;4;3;3;4;3;3;2;4;4;3;3;4;4;2;3;4;3;3;3;3;4;3;4;3;0,481;4;NA;0,618;0;0;NA;0;1
10396065762;4;4;2;2;NA;3;3;4;4;3;4;4;3;4;5;4;3;3;4;4;4;3;5;2;2;2;0,456;3;NA;0,913;0;0;NA;0;0
10396065695;4;4;3;3;4;4;3;4;3;3;3;3;4;4;4;4;3;3;4;4;4;3;4;4;4;2;0,485;4;NA;0,582;0;0;NA;0;1
10396065492;4;4;1;2;NA;4;3;2;3;3;4;4;4;4;5;4;4;3;4;4;4;4;2;4;2;3;0,451;4;NA;0,957;0;0;NA;0;0
10396065075;4;4;1;1;2;2;3;3;4;3;2;2;4;4;5;2;3;2;2;3;2;2;3;5;2;2;0,424;2;NA;1,107;0;0;NA;0;0
10396063740;4;3;1;1;2;1;3;3;NA;2;5;1;3;1;5;3;2;2;2;3;5;3;3;3;3;2;0,363;4;NA;1,221;0;0;NA;0;0
10396063392;4;3;2;4;3;4;3;3;3;3;2;3;2;2;4;3;3;3;2;3;2;2;4;4;4;2;0,403;4;NA;0,774;0;0;NA;0;0
10396062464;5;4;2;2;4;5;5;3;4;4;4;5;5;5;5;4;5;4;4;4;4;4;5;5;5;2;0,444;5;NA;0,967;0;0;NA;0;0
10396062448;4;4;1;2;3;5;5;3;4;5;5;3;5;3;5;4;4;4;4;4;4;4;4;4;4;1;0,596;10;NA;1,107;0;1;NA;0;0
10396059816;4;4;1;1;4;4;4;2;2;4;4;3;3;3;4;4;4;4;4;4;4;4;4;2;3;1;0,515;9;NA;1,079;0;1;NA;0;0
10396059310;5;5;1;1;4;5;3;1;3;5;5;5;4;4;5;4;5;5;5;4;3;4;4;2;2;1;0,350;3;NA;1,468;0;0;NA;1;0
10396059245;4;4;1;1;3;4;4;3;4;4;4;4;3;3;5;4;4;4;4;4;4;4;4;3;4;2;0,533;8;NA;0,948;0;1;NA;0;0
10396058490;4;4;1;1;3;4;2;2;4;3;2;3;4;4;5;3;4;4;4;4;4;4;2;2;2;2;0,487;6;NA;1,107;0;0;NA;0;0
10396057429;4;4;1;2;4;5;5;4;4;5;5;4;5;5;5;5;5;5;5;5;5;5;5;5;5;1;0,646;13;NA;1,198;1;1;NA;0;0
10396057297;3;4;1;1;3;4;5;3;3;5;5;3;4;3;5;5;5;5;5;4;3;3;4;2;4;1;0,417;5;NA;1,301;0;0;NA;0;0
10396057051;4;4;1;1;4;5;5;4;4;4;5;4;5;4;5;5;5;5;5;5;5;5;5;3;5;1;0,473;9;NA;1,287;0;1;NA;0;0
10396056966;4;4;1;1;3;2;3;1;4;2;3;4;5;4;5;5;4;5;4;4;3;5;4;5;5;4;0,428;2;NA;1,299;0;0;NA;0;0
10396056948;5;4;2;2;4;5;4;3;4;4;4;4;5;5;5;4;4;5;4;3;5;4;5;5;5;2;0,383;4;NA;0,977;0;0;NA;0;0
10396056865;2;4;3;4;2;4;3;2;1;3;5;2;4;2;4;2;4;4;4;3;2;4;5;4;2;2;0,450;3;NA;1,107;0;0;NA;0;0
10396056582;1;3;2;2;1;3;3;1;1;2;4;3;2;2;5;2;2;2;2;2;3;2;4;2;4;3;0,415;5;NA;1,027;0;0;NA;0;0
10396056433;3;4;1;1;4;3;4;3;3;4;3;3;4;4;5;4;4;4;4;3;2;2;4;4;4;1;0,415;4;NA;1,079;0;0;NA;0;0
10396055782;4;4;1;2;3;4;4;3;2;3;4;4;4;4;5;2;4;4;4;3;2;2;4;4;4;2;0,483;4;NA;1,011;0;0;NA;0;0
10396055726;3;3;2;1;2;2;2;1;3;3;2;3;2;2;1;3;3;2;3;2;3;2;2;2;5;2;0,453;3;NA;0,846;0;0;NA;0;0
10396054205;4;3;3;2;3;4;3;3;4;4;4;3;4;2;3;4;4;4;4;3;3;4;5;4;4;1;0,445;4;NA;0,857;0;0;NA;0;0
10396053102;4;4;2;2;3;5;5;4;4;4;5;4;5;3;5;4;4;4;4;4;4;3;5;5;4;2;0,505;6;NA;0,935;0;0;NA;0;0
10396051923;4;4;2;2;2;2;1;2;3;2;3;5;5;3;4;4;2;2;2;3;3;2;2;4;2;2;0,440;4;NA;1,070;0;0;NA;0;0
10396051681;5;5;2;2;4;4;4;3;3;5;5;5;5;5;4;4;5;5;5;3;4;5;5;2;2;1;0,427;5;NA;1,262;0;0;NA;0;0
10396050434;5;5;1;5;4;4;5;5;4;4;3;5;5;5;5;4;4;5;5;5;3;5;5;3;4;1;0,415;4;NA;1,167;0;0;NA;0;0
10396050227;4;4;1;1;4;5;4;3;4;3;4;4;4;3;5;3;4;4;4;4;4;4;4;2;3;2;0,456;7;NA;1,030;0;0;NA;0;0
10396049349;3;4;2;1;3;3;3;3;3;3;3;4;3;3;5;3;3;4;3;3;3;3;3;3;3;2;0,622;7;NA;0,720;1;0;NA;0;0
10396049225;5;3;1;2;4;4;5;3;5;3;5;3;3;3;4;2;4;4;4;4;3;4;4;4;4;2;0,554;4;NA;1,029;0;0;NA;0;0
10396048593;4;4;1;1;4;4;3;3;4;3;3;3;3;2;3;4;3;3;3;5;3;5;4;5;2;2;0,369;4;NA;1,070;0;0;NA;0;0
10396047202;4;4;1;1;4;4;4;3;3;4;4;3;3;3;5;NA;4;4;4;3;4;3;3;3;3;2;0,481;4;NA;0,945;0;0;NA;0;0
10396044196;5;5;3;5;4;3;2;3;2;2;3;4;5;5;4;2;4;5;2;3;5;5;4;5;4;5;0,400;2;NA;1,167;0;0;NA;0;0
10396043853;4;4;1;1;3;3;4;2;4;4;4;3;3;3;5;2;4;4;4;2;4;3;4;4;3;3;0,487;3;NA;1,002;0;0;NA;0;0
10396043212;4;4;1;1;4;4;3;1;3;4;4;2;3;4;5;4;5;4;4;4;3;3;4;3;3;2;0,379;3;NA;1,123;0;0;NA;0;0
10396042979;4;4;1;2;4;5;4;4;3;4;5;5;5;3;5;4;5;5;5;5;5;5;5;5;5;1;0,509;9;NA;1,223;0;1;NA;0;0
10396042789;4;4;1;2;3;3;3;3;4;3;5;3;4;4;5;2;2;3;2;4;4;4;4;4;4;3;0,426;6;NA;0,977;0;0;NA;0;0
10396042429;5;5;1;1;4;4;5;4;4;4;4;3;5;5;5;2;4;4;5;3;2;3;5;5;4;2;0,387;4;NA;1,275;0;0;NA;0;0
10396041756;3;2;3;3;2;2;2;1;3;3;3;2;4;2;4;4;4;2;3;3;5;2;4;3;4;2;0,383;3;NA;0,952;0;0;NA;0;0
10396039559;4;4;2;2;3;4;4;3;4;3;4;4;4;4;5;3;4;4;4;4;4;4;5;5;5;2;0,551;6;NA;0,863;0;0;NA;0;0
10396038919;1;2;3;2;2;5;2;1;2;3;3;1;4;2;3;3;5;2;5;3;2;3;2;5;2;4;0,404;2;NA;1,243;0;0;NA;0;0
10396038764;4;4;2;1;4;5;4;3;3;4;4;4;4;4;5;4;4;4;4;4;2;5;4;4;4;2;0,558;5;NA;0,970;0;0;NA;0;0
10396037862;3;5;1;1;3;4;4;3;4;5;4;5;5;5;5;4;4;3;4;3;2;2;3;3;4;2;0,372;4;NA;1,208;0;0;NA;0;0
10396037731;4;4;1;1;4;4;4;4;4;4;4;4;5;5;5;4;4;4;4;4;2;4;5;5;5;2;0,575;8;NA;1,120;0;1;NA;0;0
10396035583;5;5;1;1;4;5;4;3;4;5;5;5;5;3;5;4;5;5;5;4;5;4;5;5;4;1;0,451;4;NA;1,306;0;0;NA;0;0
10396035551;3;3;2;1;1;4;3;2;2;2;3;1;3;2;5;2;3;3;3;2;2;3;5;2;5;2;0,422;3;NA;1,129;0;0;NA;0;0
10396035514;2;3;1;1;4;3;1;1;3;1;1;1;3;4;1;2;3;2;2;2;4;3;5;5;5;3;0,395;3;NA;1,363;0;0;NA;1;0
10396035303;4;3;2;2;4;5;3;NA;NA;4;4;4;5;3;5;5;5;4;4;5;4;4;5;4;5;2;0,378;3;NA;0,999;0;0;NA;0;0
10396035228;4;3;3;2;4;3;3;3;4;3;3;4;5;5;4;2;3;3;4;3;3;4;5;5;5;4;0,457;3;NA;0,898;0;0;NA;0;0
10396034890;4;4;2;2;4;4;4;2;3;4;3;3;4;5;5;2;4;4;3;4;4;4;4;5;5;4;0,408;4;NA;0,928;0;0;NA;0;0
10396033703;4;3;2;4;4;4;4;4;5;3;2;5;2;3;5;3;4;5;4;2;5;2;5;4;5;2;0,365;5;NA;1,129;0;0;NA;0;0
10396031418;4;4;2;2;3;4;4;4;4;3;4;3;4;3;4;2;3;3;3;4;3;4;5;4;4;2;0,464;4;NA;0,809;0;0;NA;0;0
10396031254;2;4;2;2;3;3;2;3;4;3;3;3;4;3;5;3;2;3;4;2;2;4;4;2;5;2;0,326;3;NA;0,958;0;0;NA;0;0
10396030818;3;2;1;4;3;2;NA;1;2;2;4;3;2;3;5;2;2;3;3;2;3;4;4;4;3;2;0,444;3;NA;1,012;0;0;NA;0;0
10396029493;5;4;1;1;3;3;5;4;3;5;4;3;4;4;4;4;4;4;3;3;2;3;2;3;3;3;0,507;6;NA;1,056;0;0;NA;0;0
10396028846;4;3;3;2;4;1;3;4;3;5;3;4;4;5;4;5;4;4;2;3;3;2;5;5;5;4;0,318;3;NA;1,098;0;0;NA;0;0
10396028762;4;3;1;3;3;3;3;3;3;3;3;3;3;3;4;3;4;4;3;3;3;2;2;2;3;2;0,567;11;NA;0,688;0;1;NA;0;0
10396025445;NA;4;1;1;3;4;4;2;1;4;4;3;4;4;5;4;4;4;4;2;2;2;4;4;4;2;0,477;4;NA;1,190;0;0;NA;0;0
10396019740;5;5;1;1;3;3;4;2;5;4;4;4;4;3;4;5;4;4;3;5;5;5;5;3;4;2;0,389;4;NA;1,218;0;0;NA;0;0
10390531999;4;4;2;2;3;3;4;2;2;3;3;4;4;3;4;4;3;4;3;3;3;3;3;4;4;2;0,438;5;NA;0,749;0;0;NA;0;0
10390124497;4;4;1;1;3;4;4;3;4;4;5;3;4;3;5;4;5;4;4;4;4;3;4;4;4;1;0,459;4;NA;1,102;0;0;NA;0;0
10389989096;4;3;1;2;3;4;3;3;3;4;4;3;4;3;5;4;4;3;4;3;2;3;3;2;2;2;0,473;3;NA;0,909;0;0;NA;0;0
10389557801;4;4;3;2;4;4;4;4;3;4;4;3;4;3;4;3;3;4;4;4;4;4;5;4;4;2;0,499;5;NA;0,689;0;0;NA;0;0
10388538781;4;4;1;2;4;1;5;4;4;4;4;4;5;4;5;2;4;5;4;4;2;4;5;4;5;2;0,482;5;NA;1,225;0;0;NA;0;0
10388424028;4;4;2;1;3;4;4;1;4;4;3;5;5;4;5;3;4;4;4;4;4;4;4;4;4;2;0,507;9;NA;1,061;0;1;NA;0;0
10388405500;5;4;1;1;5;5;4;3;5;5;4;5;5;4;5;5;5;5;5;5;4;5;5;5;5;1;0,514;6;NA;1,313;0;0;NA;0;0
10388363907;4;4;1;1;4;5;4;2;3;4;4;3;5;4;4;4;4;4;4;4;4;4;4;4;4;1;0,591;12;NA;1,102;0;1;NA;0;0
10388360876;4;4;1;2;3;4;5;3;3;5;3;4;4;3;5;3;4;4;4;3;4;3;4;4;3;2;0,494;3;NA;0,949;0;0;NA;0;0
10384259442;4;4;2;1;3;3;3;3;3;3;4;5;4;3;4;4;2;4;3;2;2;5;4;4;4;3;0,430;6;NA;0,970;0;0;NA;0;0
10375742807;4;4;3;3;4;4;4;3;4;3;3;4;4;4;4;4;4;4;4;3;4;4;4;4;4;3;0,599;8;NA;0,452;0;1;NA;0;1
10375739729;4;4;2;1;4;5;4;3;4;4;5;4;5;4;5;4;5;5;5;4;4;4;4;5;5;1;0,469;4;NA;1,131;0;0;NA;0;0
10375628791;4;2;4;4;3;3;3;4;4;2;3;2;4;1;1;3;2;2;2;2;5;2;4;5;5;5;0,342;4;NA;1,243;0;0;NA;0;0
10375578789;5;5;1;1;5;5;4;4;4;4;4;4;4;4;5;5;5;5;5;5;4;5;5;4;5;1;0,509;8;NA;1,255;0;1;NA;0;0
10373863411;4;2;2;4;2;4;4;4;3;3;4;3;5;4;4;5;3;3;3;3;2;3;5;5;4;3;0,332;4;NA;0,949;0;0;NA;0;0
10373810642;2;2;2;2;2;2;2;1;1;3;4;1;2;1;4;2;2;2;2;2;5;5;5;5;2;4;0,523;7;NA;1,332;0;0;NA;0;0
10373708588;4;4;1;2;4;5;4;5;2;5;5;3;4;4;5;4;5;5;5;5;5;4;5;2;2;1;0,412;5;NA;1,347;0;0;NA;1;0
10373365203;4;4;2;4;4;5;4;4;3;5;3;5;4;3;4;5;4;3;5;4;3;4;4;3;4;2;0,447;2;NA;0,849;0;0;NA;0;0
10373104816;4;NA;1;2;3;4;4;3;4;4;4;3;4;3;3;4;4;3;4;3;4;3;2;4;4;2;0,504;3;NA;0,852;0;0;NA;0;0
10372770150;3;2;3;4;2;3;2;2;2;2;5;1;2;3;5;3;2;2;2;2;5;2;2;3;2;4;0,440;4;NA;1,087;0;0;NA;0;0
10372659706;4;4;2;3;2;4;2;2;3;3;3;1;3;2;2;2;3;4;3;3;2;3;4;2;3;5;0,380;3;NA;0,925;0;0;NA;0;0
10372617149;4;4;1;2;1;2;5;4;5;4;2;3;2;2;5;2;3;4;2;2;2;2;5;3;2;2;0,404;4;NA;1,275;0;0;NA;0;0
10372612929;4;3;2;2;4;3;3;3;3;3;4;3;4;5;4;4;3;3;4;3;3;2;5;2;4;3;0,468;5;NA;0,838;0;0;NA;0;0
10372559741;4;5;1;2;4;4;4;4;2;5;5;1;1;1;5;5;5;5;5;5;5;5;4;5;4;1;0,426;8;NA;1,589;0;1;NA;1;0
